country,year,GDP
Aruba,1999,1722798882
Aruba,2000,1873452513
Aruba,2001,1920262569
Aruba,2002,1941094972
Aruba,2003,2021301675
Aruba,2004,2228279329
Aruba,2005,2331005586
Aruba,2006,2421474860
Aruba,2007,2623726256
Aruba,2008,2791960893
Aruba,2009,2498932960
Aruba,2010,2467703910
Andorra,1999,1239840265
Andorra,2000,1133644294
Andorra,2001,1264760246
Andorra,2002,1456198796
Andorra,2003,1917948475
Andorra,2004,2322163502
Andorra,2005,2539759285
Andorra,2006,2823503852
Andorra,2007,3245411583
Andorra,2008,3712034266
Afghanistan,2001,2461666314
Afghanistan,2002,4128818042
Afghanistan,2003,4583648921
Afghanistan,2004,5285461999
Afghanistan,2005,6275076016
Afghanistan,2006,7057597614
Afghanistan,2007,9843851009
Afghanistan,2008,10190534636
Afghanistan,2009,12486950468
Afghanistan,2010,15936784437
Angola,1999,6152922942
Angola,2000,9129594818
Angola,2001,8936079252
Angola,2002,12497346042
Angola,2003,14188949239
Angola,2004,19640862549
Angola,2005,28233699333
Angola,2006,41789493191
Angola,2007,60448887582
Angola,2008,84178084135
Angola,2009,75492416522
Angola,2010,82470894868
Albania,1999,3434402453
Albania,2000,3686649386
Albania,2001,4091020249
Albania,2002,4449373455
Albania,2003,5652325081
Albania,2004,7464446950
Albania,2005,8376483393
Albania,2006,9132558096
Albania,2007,10701011524
Albania,2008,12881353507
Albania,2009,12044208085
Albania,2010,11926957254
Arab World,1999,634118560209
Arab World,2000,726012626653
Arab World,2001,713007194598
Arab World,2002,724009906745
Arab World,2003,815538537451
Arab World,2004,959405027973
Arab World,2005,1176100113613
Arab World,2006,1399822842753
Arab World,2007,1638668685146
Arab World,2008,2079570727190
Arab World,2009,1791752937396
Arab World,2010,2097884310030
United Arab Emirates,1999,84445475523
United Arab Emirates,2000,104337375342
United Arab Emirates,2001,103311643522
United Arab Emirates,2002,109816204634
United Arab Emirates,2003,124346361618
United Arab Emirates,2004,147824374542
United Arab Emirates,2005,180617023539
United Arab Emirates,2006,222105928740
United Arab Emirates,2007,257916140791
United Arab Emirates,2008,315474644818
United Arab Emirates,2009,253547454485
United Arab Emirates,2010,286049293398
Argentina,1999,283523000000
Argentina,2000,284203750000
Argentina,2001,268696750000
Argentina,2002,102040286874
Argentina,2003,129597154256
Argentina,2004,183295704305
Argentina,2005,222907566120
Argentina,2006,264489701813
Argentina,2007,329761480066
Argentina,2008,406003733832
Argentina,2009,378496221140
Argentina,2010,462703793707
Armenia,1999,1845482181
Armenia,2000,1911563665
Armenia,2001,2118467913
Armenia,2002,2376335048
Armenia,2003,2807061008
Armenia,2004,3576615240
Armenia,2005,4900436758
Armenia,2006,6384457744
Armenia,2007,9206301700
Armenia,2008,11662040713
Armenia,2009,8647936747
Armenia,2010,9260287416
Antigua and Barbuda,1999,651851840
Antigua and Barbuda,2000,783837838
Antigua and Barbuda,2001,773765171
Antigua and Barbuda,2002,802529319
Antigua and Barbuda,2003,839996355
Antigua and Barbuda,2004,898356132
Antigua and Barbuda,2005,997374093
Antigua and Barbuda,2006,1135143572
Antigua and Barbuda,2007,1289254310
Antigua and Barbuda,2008,1347349851
Antigua and Barbuda,2009,1206410370
Antigua and Barbuda,2010,1135539037
Australia,1999,388692192004
Australia,2000,414987125541
Australia,2001,378488247289
Australia,2002,394250732524
Australia,2003,466451368666
Australia,2004,612871674491
Australia,2005,693338595699
Australia,2006,747205750224
Australia,2007,853441155688
Australia,2008,1055031652298
Australia,2009,926283274398
Australia,2010,1141267760188
Austria,1999,216725261027
Austria,2000,196421706283
Austria,2001,196953628635
Austria,2002,212970685111
Austria,2003,260721478555
Austria,2004,299870270001
Austria,2005,314641160523
Austria,2006,334292246560
Austria,2007,386439116524
Austria,2008,427627368047
Austria,2009,397570327085
Austria,2010,389656071767
Azerbaijan,1999,4581222442
Azerbaijan,2000,5272617196
Azerbaijan,2001,5707618246
Azerbaijan,2002,6236024951
Azerbaijan,2003,7275766111
Azerbaijan,2004,8680511918
Azerbaijan,2005,13245421880
Azerbaijan,2006,20982270733
Azerbaijan,2007,33050343782
Azerbaijan,2008,48852482960
Azerbaijan,2009,44291490420
Azerbaijan,2010,52902703376
Burundi,1999,808077223
Burundi,2000,870486065
Burundi,2001,876794723
Burundi,2002,825394484
Burundi,2003,784654423
Burundi,2004,915257323
Burundi,2005,1117254387
Burundi,2006,1273180655
Burundi,2007,1356078300
Burundi,2008,1611634286
Burundi,2009,1739781535
Burundi,2010,2026864414
Belgium,1999,259666631152
Belgium,2000,237336281555
Belgium,2001,237397315436
Belgium,2002,258390080933
Belgium,2003,318573363431
Belgium,2004,370461343614
Belgium,2005,386944983335
Belgium,2006,410678121494
Belgium,2007,472284546030
Belgium,2008,520109349524
Belgium,2009,485803883922
Belgium,2010,484404271608
Benin,1999,2488892429
Benin,2000,2359122302
Benin,2001,2499269391
Benin,2002,2807657386
Benin,2003,3557229701
Benin,2004,4050869967
Benin,2005,4358015992
Benin,2006,4705087452
Benin,2007,5511880905
Benin,2008,6633463906
Benin,2009,6584477484
Benin,2010,6561782312
Burkina Faso,1999,3014665728
Burkina Faso,2000,2632700362
Burkina Faso,2001,2812845513
Burkina Faso,2002,3205592289
Burkina Faso,2003,4205691222
Burkina Faso,2004,4838551099
Burkina Faso,2005,5462709498
Burkina Faso,2006,5844669845
Burkina Faso,2007,6755825096
Burkina Faso,2008,8350711425
Burkina Faso,2009,8348157993
Burkina Faso,2010,8992678844
Bangladesh,1999,45694072379
Bangladesh,2000,47124925462
Bangladesh,2001,46987842846
Bangladesh,2002,47571130071
Bangladesh,2003,51913661485
Bangladesh,2004,56560744012
Bangladesh,2005,60277560975
Bangladesh,2006,71819088743
Bangladesh,2007,79611888213
Bangladesh,2008,91631278239
Bangladesh,2009,102477791472
Bangladesh,2010,115279077465
Bulgaria,1999,13659823835
Bulgaria,2000,13353530517
Bulgaria,2001,14303810794
Bulgaria,2002,16343311506
Bulgaria,2003,21101364344
Bulgaria,2004,25919754936
Bulgaria,2005,29300588272
Bulgaria,2006,33649638299
Bulgaria,2007,43634648380
Bulgaria,2008,53316401914
Bulgaria,2009,50161405416
Bulgaria,2010,48669060511
Bahrain,1999,6621186419
Bahrain,2000,9063147900
Bahrain,2001,8976446419
Bahrain,2002,9632411109
Bahrain,2003,11075116593
Bahrain,2004,13150516509
Bahrain,2005,15969151305
Bahrain,2006,18505545360
Bahrain,2007,21730577940
Bahrain,2008,25711151182
Bahrain,2009,22938462111
Bahrain,2010,25713544824
"Bahamas, The",1999,6019972000
"Bahamas, The",2000,6327552000
"Bahamas, The",2001,6516651000
"Bahamas, The",2002,6957996000
"Bahamas, The",2003,6949317000
"Bahamas, The",2004,7094413000
"Bahamas, The",2005,7706222000
"Bahamas, The",2006,7965588000
"Bahamas, The",2007,8318996000
"Bahamas, The",2008,8246650000
"Bahamas, The",2009,7820420000
"Bahamas, The",2010,7910000000
Bosnia and Herzegovina,1999,4685729738
Bosnia and Herzegovina,2000,5505984455
Bosnia and Herzegovina,2001,5748990554
Bosnia and Herzegovina,2002,6651226179
Bosnia and Herzegovina,2003,8370020196
Bosnia and Herzegovina,2004,10022840634
Bosnia and Herzegovina,2005,10903779487
Bosnia and Herzegovina,2006,12550175101
Bosnia and Herzegovina,2007,15441062281
Bosnia and Herzegovina,2008,18711890353
Bosnia and Herzegovina,2009,17264893103
Bosnia and Herzegovina,2010,16847493058
Belarus,1999,12138485328
Belarus,2000,12736856485
Belarus,2001,12354820143
Belarus,2002,14594925392
Belarus,2003,17825436034
Belarus,2004,23141587717
Belarus,2005,30210091836
Belarus,2006,36961918858
Belarus,2007,45275711995
Belarus,2008,60763483146
Belarus,2009,49208656976
Belarus,2010,55220932613
Belize,1999,732607993
Belize,2000,831750000
Belize,2001,871840755
Belize,2002,932676403
Belize,2003,990350000
Belize,2004,1057850000
Belize,2005,1114202700
Belize,2006,1217442150
Belize,2007,1290542550
Belize,2008,1368625150
Belize,2009,1336957250
Belize,2010,1397113450
Bermuda,1999,3324433000
Bermuda,2000,3480219000
Bermuda,2001,3680483000
Bermuda,2002,3937228000
Bermuda,2003,4186525000
Bermuda,2004,4484703000
Bermuda,2005,4868136000
Bermuda,2006,5414299000
Bermuda,2007,5895048000
Bermuda,2008,6109928000
Bermuda,2009,5806378000
Bermuda,2010,5744414000
Bolivia,1999,8285061618
Bolivia,2000,8397858184
Bolivia,2001,8141513292
Bolivia,2002,7905485216
Bolivia,2003,8082396525
Bolivia,2004,8773451738
Bolivia,2005,9549196255
Bolivia,2006,11451845341
Bolivia,2007,13120183156
Bolivia,2008,16674324634
Bolivia,2009,17339992165
Bolivia,2010,19649631308
Brazil,1999,586862640399
Brazil,2000,644701831101
Brazil,2001,553582178386
Brazil,2002,504221228974
Brazil,2003,552469288267
Brazil,2004,663760341880
Brazil,2005,882185702547
Brazil,2006,1088916819852
Brazil,2007,1366823994658
Brazil,2008,1653508561457
Brazil,2009,1620188056416
Brazil,2010,2143067871759
Barbados,1999,3012031888
Barbados,2000,3119500000
Barbados,2001,3112350000
Barbados,2002,3168600000
Barbados,2003,3271200000
Barbados,2004,3509700000
Barbados,2005,3891500000
Barbados,2006,4314050000
Barbados,2007,4513250000
Barbados,2008,4541550000
Barbados,2009,4592650000
Barbados,2010,4433700000
Brunei Darussalam,1999,4600000000
Brunei Darussalam,2000,6001153317
Brunei Darussalam,2001,5601090584
Brunei Darussalam,2002,5843329101
Brunei Darussalam,2003,6557333067
Brunei Darussalam,2004,7872333197
Brunei Darussalam,2005,9531402829
Brunei Darussalam,2006,11470703002
Brunei Darussalam,2007,12247694247
Brunei Darussalam,2008,14393099068
Brunei Darussalam,2009,10732366286
Brunei Darussalam,2010,12369708858
Bhutan,1999,419035810
Bhutan,2000,439158233
Bhutan,2001,476360697
Bhutan,2002,537050133
Bhutan,2003,622026107
Bhutan,2004,702682018
Bhutan,2005,818869145
Bhutan,2006,897672085
Bhutan,2007,1196091805
Bhutan,2008,1258193518
Bhutan,2009,1264758197
Bhutan,2010,1585396256
Botswana,1999,5484263050
Botswana,2000,5788311645
Botswana,2001,5489646902
Botswana,2002,5438856515
Botswana,2003,7511538764
Botswana,2004,8957491784
Botswana,2005,9931223489
Botswana,2006,10126990496
Botswana,2007,10939028150
Botswana,2008,11113042239
Botswana,2009,10106837292
Botswana,2010,13746712711
Central African Republic,1999,999477458
Central African Republic,2000,914500331
Central African Republic,2001,931833293
Central African Republic,2002,991387865
Central African Republic,2003,1139754771
Central African Republic,2004,1270080228
Central African Republic,2005,1350300947
Central African Republic,2006,1473721520
Central African Republic,2007,1698125679
Central African Republic,2008,1985370254
Central African Republic,2009,1981728179
Central African Republic,2010,1986014759
Canada,1999,674325233896
Canada,2000,739455928893
Canada,2001,732716942148
Canada,2002,752531702032
Canada,2003,887751766469
Canada,2004,1018385574395
Canada,2005,1164179473989
Canada,2006,1310795189078
Canada,2007,1457872837625
Canada,2008,1542560728744
Canada,2009,1370839154047
Canada,2010,1614072093764
Central Europe and the Baltics,1999,431622998586
Central Europe and the Baltics,2000,427129902047
Central Europe and the Baltics,2001,468271204324
Central Europe and the Baltics,2002,526447616721
Central Europe and the Baltics,2003,632905170790
Central Europe and the Baltics,2004,759226352467
Central Europe and the Baltics,2005,881333483848
Central Europe and the Baltics,2006,996747379796
Central Europe and the Baltics,2007,1255130342817
Central Europe and the Baltics,2008,1510801664710
Central Europe and the Baltics,2009,1270154042033
Central Europe and the Baltics,2010,1303578139231
Switzerland,1999,289884127679
Switzerland,2000,271659728209
Switzerland,2001,278628772872
Switzerland,2002,301127808995
Switzerland,2003,351982634291
Switzerland,2004,393541693928
Switzerland,2005,407543292839
Switzerland,2006,429180758069
Switzerland,2007,477421391034
Switzerland,2008,551552055046
Switzerland,2009,539507555858
Switzerland,2010,581208562423
Channel Islands,1999,6262740656
Channel Islands,2000,6439703434
Channel Islands,2001,6232906290
Channel Islands,2002,6663669064
Channel Islands,2003,7332244897
Channel Islands,2004,8553643354
Channel Islands,2005,8827272727
Channel Islands,2006,9676172953
Channel Islands,2007,11514605842
Chile,1999,72995286764
Chile,2000,79328640263
Chile,2001,72336972322
Chile,2002,70984568428
Chile,2003,77840186384
Chile,2004,100630707851
Chile,2005,124404150138
Chile,2006,154671012210
Chile,2007,173006275030
Chile,2008,179857806671
Chile,2009,172323378550
Chile,2010,217501911333
China,1999,1083278591739
China,2000,1198474937919
China,2001,1324806909018
China,2002,1453827558024
China,2003,1640958734587
China,2004,1931644329934
China,2005,2256902590825
China,2006,2712950885444
China,2007,3494055942162
China,2008,4521827271025
China,2009,4990233518751
China,2010,5930502270312
Cote d'Ivoire,1999,12556457526
Cote d'Ivoire,2000,10417060604
Cote d'Ivoire,2001,10545285036
Cote d'Ivoire,2002,11486664265
Cote d'Ivoire,2003,13737482343
Cote d'Ivoire,2004,15481092596
Cote d'Ivoire,2005,17084927539
Cote d'Ivoire,2006,17800887469
Cote d'Ivoire,2007,20343636058
Cote d'Ivoire,2008,24224905503
Cote d'Ivoire,2009,24277494337
Cote d'Ivoire,2010,24884503950
Cameroon,1999,10486451906
Cameroon,2000,9287367568
Cameroon,2001,9633109256
Cameroon,2002,10879778327
Cameroon,2003,13621738512
Cameroon,2004,15775356736
Cameroon,2005,16587857509
Cameroon,2006,17953066391
Cameroon,2007,20431781120
Cameroon,2008,23322256428
Cameroon,2009,23381142604
Cameroon,2010,23622482954
"Congo, Rep.",1999,2353909441
"Congo, Rep.",2000,3219910666
"Congo, Rep.",2001,2794259756
"Congo, Rep.",2002,3019993723
"Congo, Rep.",2003,3495868724
"Congo, Rep.",2004,4648628839
"Congo, Rep.",2005,6087002681
"Congo, Rep.",2006,7731261168
"Congo, Rep.",2007,8394688589
"Congo, Rep.",2008,11859015180
"Congo, Rep.",2009,9593536719
"Congo, Rep.",2010,12007880067
Colombia,1999,86186156584
Colombia,2000,99886577575
Colombia,2001,98203544965
Colombia,2002,97933392356
Colombia,2003,94684582573
Colombia,2004,117074865515
Colombia,2005,146520136085
Colombia,2006,162773603929
Colombia,2007,207520150283
Colombia,2008,244056732297
Colombia,2009,233821670544
Colombia,2010,287018184637
Comoros,1999,222580461
Comoros,2000,201899883
Comoros,2001,220093828
Comoros,2002,246737670
Comoros,2003,317562300
Comoros,2004,368143110
Comoros,2005,380372884
Comoros,2006,406111892
Comoros,2007,462453621
Comoros,2008,517477659
Comoros,2009,514788085
Comoros,2010,516962949
Cabo Verde,1999,592416703
Cabo Verde,2000,539227052
Cabo Verde,2001,563024256
Cabo Verde,2002,620974807
Cabo Verde,2003,813963933
Cabo Verde,2004,924318505
Cabo Verde,2005,971976952
Cabo Verde,2006,1107890815
Cabo Verde,2007,1513934037
Cabo Verde,2008,1789332788
Cabo Verde,2009,1711816593
Cabo Verde,2010,1664310632
Costa Rica,1999,15796567138
Costa Rica,2000,15946443103
Costa Rica,2001,16403602943
Costa Rica,2002,16844378578
Costa Rica,2003,17517536016
Costa Rica,2004,18596365926
Costa Rica,2005,19964893807
Costa Rica,2006,22526464409
Costa Rica,2007,26321999607
Costa Rica,2008,29831167681
Costa Rica,2009,29382692643
Costa Rica,2010,36298327669
Caribbean small states,1999,29613300907
Caribbean small states,2000,32283550905
Caribbean small states,2001,33156568952
Caribbean small states,2002,34952635480
Caribbean small states,2003,37422356830
Caribbean small states,2004,40770535976
Caribbean small states,2005,46587144814
Caribbean small states,2006,52490948176
Caribbean small states,2007,58438689570
Caribbean small states,2008,66698700872
Caribbean small states,2009,56145294968
Caribbean small states,2010,59375034444
Cuba,1999,28365300000
Cuba,2000,30565200000
Cuba,2001,31683300000
Cuba,2002,33590400000
Cuba,2003,35901500000
Cuba,2004,38202800000
Cuba,2005,42644200000
Cuba,2006,52742100000
Cuba,2007,58603500000
Cuba,2008,60806200000
Cuba,2009,62078610000
Cuba,2010,64328220000
Cyprus,1999,9776223013
Cyprus,2000,9314937556
Cyprus,2001,9679304970
Cyprus,2002,10557366161
Cyprus,2003,13319544758
Cyprus,2004,15816972050
Cyprus,2005,16997801392
Cyprus,2006,18435765910
Cyprus,2007,21841815680
Cyprus,2008,25321517504
Cyprus,2009,23542650736
Cyprus,2010,23132450331
Czech Republic,1999,64719367646
Czech Republic,2000,61474265134
Czech Republic,2001,67375682473
Czech Republic,2002,81696693249
Czech Republic,2003,99300329682
Czech Republic,2004,118976254632
Czech Republic,2005,135990121361
Czech Republic,2006,155213120558
Czech Republic,2007,188818465531
Czech Republic,2008,235205271893
Czech Republic,2009,205729790694
Czech Republic,2010,207016402026
Germany,1999,2196686554442
Germany,2000,1947208402432
Germany,2001,1947928411633
Germany,2002,2076303406738
Germany,2003,2502313769751
Germany,2004,2815592929913
Germany,2005,2857558573347
Germany,2006,2998466393955
Germany,2007,3435506663701
Germany,2008,3747055453913
Germany,2009,3412770245920
Germany,2010,3412008772736
Djibouti,1999,536080169
Djibouti,2000,551230861
Djibouti,2001,572417440
Djibouti,2002,591122039
Djibouti,2003,622044665
Djibouti,2004,666072101
Djibouti,2005,708633194
Djibouti,2006,768873684
Djibouti,2007,847918929
Djibouti,2008,999105339
Djibouti,2009,1198997304
Djibouti,2010,1128611700
Dominica,1999,267740736
Dominica,2000,335845808
Dominica,2001,343119364
Dominica,2002,337695734
Dominica,2003,350091216
Dominica,2004,374771474
Dominica,2005,370370370
Dominica,2006,397777777
Dominica,2007,428888888
Dominica,2008,468888888
Dominica,2009,498888888
Dominica,2010,492962962
Denmark,1999,177965224620
Denmark,2000,164158800460
Denmark,2001,164791416350
Denmark,2002,178635160297
Denmark,2003,218095997085
Denmark,2004,251244521002
Denmark,2005,264559081260
Denmark,2006,282962119265
Denmark,2007,319500290932
Denmark,2008,352589421253
Denmark,2009,319764341586
Denmark,2010,319812413596
Dominican Republic,1999,21709041189
Dominican Republic,2000,23996656675
Dominican Republic,2001,24894907435
Dominican Republic,2002,26570402718
Dominican Republic,2003,21268012747
Dominican Republic,2004,22163928096
Dominican Republic,2005,33969724872
Dominican Republic,2006,35965041793
Dominican Republic,2007,44078280922
Dominican Republic,2008,48143840499
Dominican Republic,2009,47889008135
Dominican Republic,2010,53042943731
Algeria,1999,48640613515
Algeria,2000,54790058957
Algeria,2001,54744716706
Algeria,2002,56760288961
Algeria,2003,67863832648
Algeria,2004,85324997369
Algeria,2005,103198650297
Algeria,2006,117026655313
Algeria,2007,134977867931
Algeria,2008,171000162581
Algeria,2009,137211795394
Algeria,2010,161207304960
East Asia & Pacific (developing only),1999,1563730084678
East Asia & Pacific (developing only),2000,1723380122030
East Asia & Pacific (developing only),2001,1834852649064
East Asia & Pacific (developing only),2002,2028425265890
East Asia & Pacific (developing only),2003,2291383749764
East Asia & Pacific (developing only),2004,2657177720401
East Asia & Pacific (developing only),2005,3072016575622
East Asia & Pacific (developing only),2006,3693386167647
East Asia & Pacific (developing only),2007,4663837763687
East Asia & Pacific (developing only),2008,5895836278925
East Asia & Pacific (developing only),2009,6360427197964
East Asia & Pacific (developing only),2010,7629075118565
East Asia & Pacific (all income levels),1999,7509697979291
East Asia & Pacific (all income levels),2000,8107479659612
East Asia & Pacific (all income levels),2001,7539249366343
East Asia & Pacific (all income levels),2002,7664826634091
East Asia & Pacific (all income levels),2003,8427289876575
East Asia & Pacific (all income levels),2004,9451130209973
East Asia & Pacific (all income levels),2005,10059209665024
East Asia & Pacific (all income levels),2006,10675127487459
East Asia & Pacific (all income levels),2007,11955561745544
East Asia & Pacific (all income levels),2008,13785451155564
East Asia & Pacific (all income levels),2009,14162196909304
East Asia & Pacific (all income levels),2010,16439572009348
Europe & Central Asia (developing only),1999,473826190944
Europe & Central Asia (developing only),2000,479205528495
Europe & Central Asia (developing only),2001,436252848983
Europe & Central Asia (developing only),2002,509499460939
Europe & Central Asia (developing only),2003,647766987254
Europe & Central Asia (developing only),2004,824926783295
Europe & Central Asia (developing only),2005,1009066504151
Europe & Central Asia (developing only),2006,1164178343612
Europe & Central Asia (developing only),2007,1475119837966
Europe & Central Asia (developing only),2008,1756557055197
Europe & Central Asia (developing only),2009,1463062396744
Europe & Central Asia (developing only),2010,1652860016198
Europe & Central Asia (all income levels),1999,10517921871831
Europe & Central Asia (all income levels),2000,9911801372127
Europe & Central Asia (all income levels),2001,10016822082012
Europe & Central Asia (all income levels),2002,10961731236956
Europe & Central Asia (all income levels),2003,13370340038917
Europe & Central Asia (all income levels),2004,15588234403719
Europe & Central Asia (all income levels),2005,16594802827151
Europe & Central Asia (all income levels),2006,17966894068897
Europe & Central Asia (all income levels),2007,21003677460886
Europe & Central Asia (all income levels),2008,23065273652028
Europe & Central Asia (all income levels),2009,20300592389315
Europe & Central Asia (all income levels),2010,20811125669564
Ecuador,1999,19644866963
Ecuador,2000,18327386415
Ecuador,2001,24468324000
Ecuador,2002,28548945000
Ecuador,2003,32432859000
Ecuador,2004,36591661000
Ecuador,2005,41507085000
Ecuador,2006,46802044000
Ecuador,2007,51007777000
Ecuador,2008,61762635000
Ecuador,2009,62519686000
Ecuador,2010,69555367000
"Egypt, Arab Rep.",1999,90710703939
"Egypt, Arab Rep.",2000,99838540997
"Egypt, Arab Rep.",2001,97632008050
"Egypt, Arab Rep.",2002,87850680579
"Egypt, Arab Rep.",2003,82923680612
"Egypt, Arab Rep.",2004,78845185715
"Egypt, Arab Rep.",2005,89685724897
"Egypt, Arab Rep.",2006,107484034644
"Egypt, Arab Rep.",2007,130477817194
"Egypt, Arab Rep.",2008,162818181818
"Egypt, Arab Rep.",2009,188984088127
"Egypt, Arab Rep.",2010,218887812549
Euro area,1999,7112799426471
Euro area,2000,6483194259887
Euro area,2001,6587483934121
Euro area,2002,7166015385119
Euro area,2003,8842554079982
Euro area,2004,10139627706968
Euro area,2005,10520747435187
Euro area,2006,11168289068274
Euro area,2007,12860102019097
Euro area,2008,14100394081854
Euro area,2009,12894758863727
Euro area,2010,12632263801735
Eritrea,1999,688921325
Eritrea,2000,706370812
Eritrea,2001,752368494
Eritrea,2002,729321364
Eritrea,2003,870247701
Eritrea,2004,1109054002
Eritrea,2005,1098425899
Eritrea,2006,1211161879
Eritrea,2007,1317974493
Eritrea,2008,1380188800
Eritrea,2009,1856695550
Eritrea,2010,2117039510
Spain,1999,633194118900
Spain,2000,595402616546
Spain,2001,625975838926
Spain,2002,705145868624
Spain,2003,906853273137
Spain,2004,1069601981710
Spain,2005,1157247674476
Spain,2006,1264486722860
Spain,2007,1479265709739
Spain,2008,1635049580162
Spain,2009,1498984446173
Spain,2010,1431587612302
Estonia,1999,5715278960
Estonia,2000,5685561595
Estonia,2001,6233506400
Estonia,2002,7308608834
Estonia,2003,9822143179
Estonia,2004,12057639751
Estonia,2005,14003096552
Estonia,2006,16958044845
Estonia,2007,22228670168
Estonia,2008,24185794095
Estonia,2009,19640620154
Estonia,2010,19479012423
Ethiopia,1999,7700833482
Ethiopia,2000,8242392103
Ethiopia,2001,8231326016
Ethiopia,2002,7850809498
Ethiopia,2003,8623691300
Ethiopia,2004,10131187261
Ethiopia,2005,12401139453
Ethiopia,2006,15280861834
Ethiopia,2007,19707616772
Ethiopia,2008,27066912635
Ethiopia,2009,32437389116
Ethiopia,2010,29933790334
European Union,1999,9474479254463
European Union,2000,8808544629037
European Union,2001,8911276745504
European Union,2002,9719946209088
European Union,2003,11852251677218
European Union,2004,13689653026260
European Union,2005,14312647594144
European Union,2006,15273668674696
European Union,2007,17661350374599
European Union,2008,19008890167151
European Union,2009,17001813534975
European Union,2010,16934782699535
Fragile and conflict affected situations,1999,155682535131
Fragile and conflict affected situations,2000,186048093213
Fragile and conflict affected situations,2001,170602064381
Fragile and conflict affected situations,2002,169730062072
Fragile and conflict affected situations,2003,191127966217
Fragile and conflict affected situations,2004,226905365048
Fragile and conflict affected situations,2005,276220953490
Fragile and conflict affected situations,2006,332785151018
Fragile and conflict affected situations,2007,419260246414
Fragile and conflict affected situations,2008,535480388757
Fragile and conflict affected situations,2009,472585160678
Fragile and conflict affected situations,2010,556081302187
Finland,1999,135225868314
Finland,2000,125539893126
Finland,2001,129250111856
Finland,2002,139552983248
Finland,2003,171071106094
Finland,2004,196776616813
Finland,2005,204430930706
Finland,2006,216541409976
Finland,2007,255371507758
Finland,2008,283753003898
Finland,2009,251483878456
Finland,2010,247799815768
Fiji,1999,1942170999
Fiji,2000,1684109743
Fiji,2001,1660102345
Fiji,2002,1842691481
Fiji,2003,2315935752
Fiji,2004,2727507212
Fiji,2005,3006725014
Fiji,2006,3103099942
Fiji,2007,3405050611
Fiji,2008,3523185919
Fiji,2009,2870624635
Fiji,2010,3140508835
France,1999,1500275942893
France,2000,1368438363736
France,2001,1382218344519
France,2002,1500337850555
France,2003,1848124153498
France,2004,2124204553215
France,2005,2203623837238
France,2006,2324892820068
France,2007,2662975825905
France,2008,2923573946917
France,2009,2693665189295
France,2010,2646837111794
Faeroe Islands,1999,1125684470
Faeroe Islands,2000,1062339943
Faeroe Islands,2001,1154899793
Faeroe Islands,2002,1268445919
Faeroe Islands,2003,1486861878
Faeroe Islands,2004,1683997930
Faeroe Islands,2005,1730894295
Faeroe Islands,2006,1970135198
Faeroe Islands,2007,2278229880
Faeroe Islands,2008,2412859692
Faeroe Islands,2009,2198138372
"Micronesia, Fed. Sts.",1999,220660500
"Micronesia, Fed. Sts.",2000,233226300
"Micronesia, Fed. Sts.",2001,240051900
"Micronesia, Fed. Sts.",2002,241543400
"Micronesia, Fed. Sts.",2003,244991000
"Micronesia, Fed. Sts.",2004,239563300
"Micronesia, Fed. Sts.",2005,249845600
"Micronesia, Fed. Sts.",2006,252991200
"Micronesia, Fed. Sts.",2007,255890800
"Micronesia, Fed. Sts.",2008,261339600
"Micronesia, Fed. Sts.",2009,277510900
"Micronesia, Fed. Sts.",2010,294117200
Gabon,1999,4662991794
Gabon,2000,5067865502
Gabon,2001,4712849279
Gabon,2002,4931503836
Gabon,2003,6054883172
Gabon,2004,7178135606
Gabon,2005,8665736617
Gabon,2006,9545982814
Gabon,2007,11570860872
Gabon,2008,15685389826
Gabon,2009,12031268402
Gabon,2010,14569527124
United Kingdom,1999,1558317424364
United Kingdom,2000,1548663943107
United Kingdom,2001,1529094573197
United Kingdom,2002,1674416966426
United Kingdom,2003,1943714285714
United Kingdom,2004,2298126991101
United Kingdom,2005,2412116400352
United Kingdom,2006,2582815892447
United Kingdom,2007,2963265224452
United Kingdom,2008,2791855193222
United Kingdom,2009,2308925879444
United Kingdom,2010,2407933767804
Georgia,1999,2800024318
Georgia,2000,3057453475
Georgia,2001,3219487818
Georgia,2002,3395778679
Georgia,2003,3991374548
Georgia,2004,5125273871
Georgia,2005,6411147328
Georgia,2006,7761900166
Georgia,2007,10172260744
Georgia,2008,12799337247
Georgia,2009,10766836276
Georgia,2010,11638536834
Ghana,1999,7718110780
Ghana,2000,4982849054
Ghana,2001,5314871683
Ghana,2002,6166197191
Ghana,2003,7632720680
Ghana,2004,8881419348
Ghana,2005,10731883141
Ghana,2006,20410331625
Ghana,2007,24757553101
Ghana,2008,28528014620
Ghana,2009,25978508375
Ghana,2010,32174839712
Guinea,1999,3461282189
Guinea,2000,2995360969
Guinea,2001,2833442750
Guinea,2002,2949637039
Guinea,2003,3446442218
Guinea,2004,3666349049
Guinea,2005,2937072009
Guinea,2006,2821346683
Guinea,2007,4134173271
Guinea,2008,4515824643
Guinea,2009,4609923720
Guinea,2010,4735956475
"Gambia, The",1999,814724055
"Gambia, The",2000,782913865
"Gambia, The",2001,687410630
"Gambia, The",2002,578235309
"Gambia, The",2003,487038679
"Gambia, The",2004,578785599
"Gambia, The",2005,624173995
"Gambia, The",2006,655068112
"Gambia, The",2007,798869803
"Gambia, The",2008,965771304
"Gambia, The",2009,900641059
"Gambia, The",2010,951827284
Guinea-Bissau,1999,224446652
Guinea-Bissau,2000,370173851
Guinea-Bissau,2001,392278164
Guinea-Bissau,2002,415843479
Guinea-Bissau,2003,476388249
Guinea-Bissau,2004,531109346
Guinea-Bissau,2005,586791836
Guinea-Bissau,2006,591829897
Guinea-Bissau,2007,695606313
Guinea-Bissau,2008,864107768
Guinea-Bissau,2009,825796952
Guinea-Bissau,2010,847491366
Equatorial Guinea,1999,621117853
Equatorial Guinea,2000,1045998534
Equatorial Guinea,2001,1461139007
Equatorial Guinea,2002,1806742732
Equatorial Guinea,2003,2484745875
Equatorial Guinea,2004,4410764260
Equatorial Guinea,2005,8217368425
Equatorial Guinea,2006,8081982438
Equatorial Guinea,2007,10201201021
Equatorial Guinea,2008,15439740345
Equatorial Guinea,2009,9364826470
Equatorial Guinea,2010,11582917790
Greece,1999,142998082250
Greece,2000,130580431177
Greece,2001,136006263982
Greece,2002,152714097496
Greece,2003,201547404063
Greece,2004,239659036585
Greece,2005,247665771277
Greece,2006,273265389114
Greece,2007,318668286256
Greece,2008,354628633541
Greece,2009,329837035755
Greece,2010,299598056253
Grenada,1999,379629400
Grenada,2000,520044361
Grenada,2001,520444175
Grenada,2002,540336916
Grenada,2003,591018396
Grenada,2004,599118582
Grenada,2005,695370284
Grenada,2006,698700654
Grenada,2007,758683579
Grenada,2008,825977874
Grenada,2009,771278097
Grenada,2010,771015875
Greenland,1999,1131555107
Greenland,2000,1068024993
Greenland,2001,1086170638
Greenland,2002,1169136691
Greenland,2003,1426452030
Greenland,2004,1644951892
Greenland,2005,1702543476
Greenland,2006,1738432116
Greenland,2007,2121759848
Greenland,2008,1739579593
Greenland,2009,1267711816
Guatemala,1999,18317089473
Guatemala,2000,19290566570
Guatemala,2001,18702820735
Guatemala,2002,20776536919
Guatemala,2003,21917565499
Guatemala,2004,23965280312
Guatemala,2005,27211243473
Guatemala,2006,30231117389
Guatemala,2007,34113093453
Guatemala,2008,39136507936
Guatemala,2009,37733655165
Guatemala,2010,41337958251
Guyana,1999,694754983
Guyana,2000,712667925
Guyana,2001,696281468
Guyana,2002,722460911
Guyana,2003,741929342
Guyana,2004,785918769
Guyana,2005,824880550
Guyana,2006,1458449057
Guyana,2007,1740334781
Guyana,2008,1922598121
Guyana,2009,2025565089
Guyana,2010,2259288396
High income,1999,26932900636833
High income,2000,27542294680081
High income,2001,27333039728802
High income,2002,28518880261954
High income,2003,32034382450230
High income,2004,35764624740362
High income,2005,37940430967008
High income,2006,40251927703614
High income,2007,44234121418366
High income,2008,47263244673120
High income,2009,43978496311634
High income,2010,46366497466187
"Hong Kong SAR, China",1999,165768095391
"Hong Kong SAR, China",2000,171668164082
"Hong Kong SAR, China",2001,169403241524
"Hong Kong SAR, China",2002,166349228737
"Hong Kong SAR, China",2003,161384522525
"Hong Kong SAR, China",2004,169099768875
"Hong Kong SAR, China",2005,181570082162
"Hong Kong SAR, China",2006,193536265094
"Hong Kong SAR, China",2007,211597405593
"Hong Kong SAR, China",2008,219279678430
"Hong Kong SAR, China",2009,214046415026
"Hong Kong SAR, China",2010,228637697575
Honduras,1999,5372543554
Honduras,2000,7105529646
Honduras,2001,7566517571
Honduras,2002,7776459963
Honduras,2003,8140294079
Honduras,2004,8772197584
Honduras,2005,9672006169
Honduras,2006,10841723354
Honduras,2007,12275491272
Honduras,2008,13789720387
Honduras,2009,14587485644
Honduras,2010,15839344591
Heavily indebted poor countries (HIPC),1999,142110930974
Heavily indebted poor countries (HIPC),2000,153886456919
Heavily indebted poor countries (HIPC),2001,145792906160
Heavily indebted poor countries (HIPC),2002,157551880542
Heavily indebted poor countries (HIPC),2003,179173356433
Heavily indebted poor countries (HIPC),2004,206564174084
Heavily indebted poor countries (HIPC),2005,237060115359
Heavily indebted poor countries (HIPC),2006,283321548164
Heavily indebted poor countries (HIPC),2007,343704668563
Heavily indebted poor countries (HIPC),2008,414118525468
Heavily indebted poor countries (HIPC),2009,416658997049
Heavily indebted poor countries (HIPC),2010,461550664650
Croatia,1999,23386945596
Croatia,2000,21774273832
Croatia,2001,23289671102
Croatia,2002,26878499206
Croatia,2003,34658113497
Croatia,2004,41574530815
Croatia,2005,45416358501
Croatia,2006,50436294494
Croatia,2007,60065225493
Croatia,2008,70461454280
Croatia,2009,62636688809
Croatia,2010,59643818181
Haiti,1999,4088703119
Haiti,2000,3664503845
Haiti,2001,3507981945
Haiti,2002,3214632478
Haiti,2003,2826481071
Haiti,2004,3660483885
Haiti,2005,4154289832
Haiti,2006,4879738635
Haiti,2007,5885325589
Haiti,2008,6548530572
Haiti,2009,6584649419
Haiti,2010,6622541528
Hungary,1999,48965869805
Hungary,2000,47110416254
Hungary,2001,53533393254
Hungary,2002,67366285758
Hungary,2003,84738408726
Hungary,2004,103156817854
Hungary,2005,111890070522
Hungary,2006,114238447644
Hungary,2007,138580119899
Hungary,2008,156578897625
Hungary,2009,129359841851
Hungary,2010,129585601615
Indonesia,1999,140001352527
Indonesia,2000,165021012261
Indonesia,2001,160446947638
Indonesia,2002,195660611033
Indonesia,2003,234772458818
Indonesia,2004,256836883304
Indonesia,2005,285868603863
Indonesia,2006,364570525997
Indonesia,2007,432216737774
Indonesia,2008,510244548959
Indonesia,2009,539579955780
Indonesia,2010,709190823319
Isle of Man,1999,1567465656
Isle of Man,2000,1563667799
Isle of Man,2001,1614595290
Isle of Man,2002,1897606791
Isle of Man,2003,2264911806
Isle of Man,2004,2758117365
Isle of Man,2005,2915710378
Isle of Man,2006,3437450711
Isle of Man,2007,4075664785
India,1999,466867079642
India,2000,476609148165
India,2001,493954333981
India,2002,523968561883
India,2003,618356467437
India,2004,721585608183
India,2005,834215013605
India,2006,949116769619
India,2007,1238700195645
India,2008,1224097069459
India,2009,1365372433341
India,2010,1708458876829
Ireland,1999,98541501704
Ireland,2000,99317573705
Ireland,2001,108455236062
Ireland,2002,127215402503
Ireland,2003,163476060045
Ireland,2004,193043112998
Ireland,2005,210357750335
Ireland,2006,230522874774
Ireland,2007,269283397854
Ireland,2008,273732372421
Ireland,2009,233542426994
Ireland,2010,218435251789
"Iran, Islamic Rep.",1999,104656040167
"Iran, Islamic Rep.",2000,101286514977
"Iran, Islamic Rep.",2001,115438386681
"Iran, Islamic Rep.",2002,116420833373
"Iran, Islamic Rep.",2003,135409681532
"Iran, Islamic Rep.",2004,163226579221
"Iran, Islamic Rep.",2005,192014940324
"Iran, Islamic Rep.",2006,222880533511
"Iran, Islamic Rep.",2007,286057933325
"Iran, Islamic Rep.",2008,355988367221
"Iran, Islamic Rep.",2009,362661111280
"Iran, Islamic Rep.",2010,422567967404
Iraq,2004,36627901762
Iraq,2005,49954890353
Iraq,2006,65141035027
Iraq,2007,88837727881
Iraq,2008,131611819294
Iraq,2009,111660855042
Iraq,2010,138516722649
Iceland,1999,8951369524
Iceland,2000,8947860486
Iceland,2001,8147162010
Iceland,2002,9184959475
Iceland,2003,11324394790
Iceland,2004,13736980298
Iceland,2005,16798507502
Iceland,2006,17101040182
Iceland,2007,21446741081
Iceland,2008,17599245765
Iceland,2009,12823849535
Iceland,2010,13261035516
Israel,1999,116276785141
Israel,2000,131451205454
Israel,2001,129596737760
Israel,2002,119876313900
Israel,2003,125467161458
Israel,2004,134020972780
Israel,2005,141212566844
Israel,2006,152231249158
Israel,2007,176674375015
Israel,2008,213920568561
Israel,2009,206478651171
Israel,2010,232907996790
Italy,1999,1249057106328
Italy,2000,1142213930348
Italy,2001,1162784787472
Italy,2002,1267043101825
Italy,2003,1570330699774
Italy,2004,1799204087587
Italy,2005,1853465900611
Italy,2006,1943430740490
Italy,2007,2203972558211
Italy,2008,2391963512218
Italy,2009,2186107544936
Italy,2010,2126620402889
Jamaica,1999,8830909008
Jamaica,2000,9008629729
Jamaica,2001,9104515930
Jamaica,2002,9718989516
Jamaica,2003,9430236065
Jamaica,2004,10173234921
Jamaica,2005,11075778481
Jamaica,2006,11903020643
Jamaica,2007,12820055024
Jamaica,2008,13676837630
Jamaica,2009,12125023181
Jamaica,2010,13230844040
Jordan,1999,8147494328
Jordan,2000,8457923945
Jordan,2001,8972965061
Jordan,2002,9580161951
Jordan,2003,10193023726
Jordan,2004,11407566660
Jordan,2005,12588665455
Jordan,2006,15056937135
Jordan,2007,17110609939
Jordan,2008,21971835282
Jordan,2009,23818322957
Jordan,2010,26425379436
Japan,1999,4432599282922
Japan,2000,4731198760271
Japan,2001,4159859918093
Japan,2002,3980819536159
Japan,2003,4302939184963
Japan,2004,4655803055650
Japan,2005,4571866957195
Japan,2006,4356749775546
Japan,2007,4356346715298
Japan,2008,4849184924937
Japan,2009,5035142154900
Japan,2010,5495387182996
Kazakhstan,1999,16870817134
Kazakhstan,2000,18291990619
Kazakhstan,2001,22152689129
Kazakhstan,2002,24636598581
Kazakhstan,2003,30833692831
Kazakhstan,2004,43151647002
Kazakhstan,2005,57123671733
Kazakhstan,2006,81003864915
Kazakhstan,2007,104849886825
Kazakhstan,2008,133441612246
Kazakhstan,2009,115308661142
Kazakhstan,2010,148047348240
Kenya,1999,12896013576
Kenya,2000,12705357103
Kenya,2001,12986007425
Kenya,2002,13147743910
Kenya,2003,14904517649
Kenya,2004,16095337093
Kenya,2005,18737897744
Kenya,2006,25825524820
Kenya,2007,31958195182
Kenya,2008,35895153327
Kenya,2009,37021512048
Kenya,2010,40000138830
Kyrgyz Republic,1999,1249062025
Kyrgyz Republic,2000,1369691955
Kyrgyz Republic,2001,1525113501
Kyrgyz Republic,2002,1605640633
Kyrgyz Republic,2003,1919012780
Kyrgyz Republic,2004,2211535311
Kyrgyz Republic,2005,2459876151
Kyrgyz Republic,2006,2834168889
Kyrgyz Republic,2007,3802566170
Kyrgyz Republic,2008,5139957784
Kyrgyz Republic,2009,4690062255
Kyrgyz Republic,2010,4794357795
Cambodia,1999,3517242477
Cambodia,2000,3654031716
Cambodia,2001,3979813387
Cambodia,2002,4284028138
Cambodia,2003,4658246906
Cambodia,2004,5337833255
Cambodia,2005,6293046162
Cambodia,2006,7274424518
Cambodia,2007,8639164917
Cambodia,2008,10351829065
Cambodia,2009,10401935531
Cambodia,2010,11242266333
Kiribati,1999,70596128
Kiribati,2000,67512714
Kiribati,2001,63101272
Kiribati,2002,72259045
Kiribati,2003,90148518
Kiribati,2004,102220914
Kiribati,2005,106147384
Kiribati,2006,104668674
Kiribati,2007,123005089
Kiribati,2008,135044455
Kiribati,2009,127125253
Kiribati,2010,150431113
St. Kitts and Nevis,1999,305008717
St. Kitts and Nevis,2000,420086426
St. Kitts and Nevis,2001,460467993
St. Kitts and Nevis,2002,480825573
St. Kitts and Nevis,2003,463418870
St. Kitts and Nevis,2004,501150880
St. Kitts and Nevis,2005,543169953
St. Kitts and Nevis,2006,636070988
St. Kitts and Nevis,2007,684148691
St. Kitts and Nevis,2008,734660333
St. Kitts and Nevis,2009,708891296
St. Kitts and Nevis,2010,692457407
"Korea, Rep.",1999,486315001429
"Korea, Rep.",2000,561633037419
"Korea, Rep.",2001,533051998853
"Korea, Rep.",2002,609020054512
"Korea, Rep.",2003,680520807982
"Korea, Rep.",2004,764880644710
"Korea, Rep.",2005,898134300667
"Korea, Rep.",2006,1011797986991
"Korea, Rep.",2007,1122675892645
"Korea, Rep.",2008,1002216051903
"Korea, Rep.",2009,901934953364
"Korea, Rep.",2010,1094499350178
Kosovo,2000,1849196082
Kosovo,2001,2535333631
Kosovo,2002,2702427046
Kosovo,2003,3355083116
Kosovo,2004,3639935347
Kosovo,2005,3743116980
Kosovo,2006,3918184455
Kosovo,2007,4694507127
Kosovo,2008,5687488208
Kosovo,2009,5653860933
Kosovo,2010,5830320264
Kuwait,1999,30120888963
Kuwait,2000,37718011468
Kuwait,2001,34890773740
Kuwait,2002,38138801497
Kuwait,2003,47875837662
Kuwait,2004,59440511981
Kuwait,2005,80797945205
Kuwait,2006,101561153806
Kuwait,2007,114721830985
Kuwait,2008,147402413798
Kuwait,2009,105911338608
Kuwait,2010,115428557470
Latin America & Caribbean (developing only),1999,1854877625804
Latin America & Caribbean (developing only),2000,2059354318924
Latin America & Caribbean (developing only),2001,2007131330251
Latin America & Caribbean (developing only),2002,1790986602876
Latin America & Caribbean (developing only),2003,1835331119457
Latin America & Caribbean (developing only),2004,2133995622649
Latin America & Caribbean (developing only),2005,2592085918899
Latin America & Caribbean (developing only),2006,3042934561730
Latin America & Caribbean (developing only),2007,3609725171671
Latin America & Caribbean (developing only),2008,4213480213177
Latin America & Caribbean (developing only),2009,3949935827717
Latin America & Caribbean (developing only),2010,4897062786884
Lao PDR,1999,1454430642
Lao PDR,2000,1731198022
Lao PDR,2001,1768619058
Lao PDR,2002,1758176653
Lao PDR,2003,2023324407
Lao PDR,2004,2366398119
Lao PDR,2005,2735550176
Lao PDR,2006,3452895836
Lao PDR,2007,4222945529
Lao PDR,2008,5443930124
Lao PDR,2009,5832882921
Lao PDR,2010,7181441151
Lebanon,1999,17391056436
Lebanon,2000,17260364842
Lebanon,2001,17649751243
Lebanon,2002,19152238805
Lebanon,2003,20082918739
Lebanon,2004,20955223880
Lebanon,2005,21287562189
Lebanon,2006,21796351575
Lebanon,2007,24577114427
Lebanon,2008,28829850746
Lebanon,2009,35139635157
Lebanon,2010,38009950248
Liberia,1999,441800019
Liberia,2000,529064646
Liberia,2001,514999999
Liberia,2002,536000000
Liberia,2003,409000000
Liberia,2004,466999999
Liberia,2005,541999999
Liberia,2006,604028581
Liberia,2007,739026892
Liberia,2008,850040458
Liberia,2009,1155146229
Liberia,2010,1292696475
Libya,1999,30484399895
Libya,2000,33896600870
Libya,2001,28420321951
Libya,2002,19842519685
Libya,2003,24062500000
Libya,2004,33384615384
Libya,2005,44000000000
Libya,2006,56484375000
Libya,2007,71803278688
Libya,2008,93167701863
Libya,2009,62360446570
Libya,2010,74755288916
St. Lucia,1999,692507395
St. Lucia,2000,780895356
St. Lucia,2001,738755098
St. Lucia,2002,741966023
St. Lucia,2003,805836689
St. Lucia,2004,885242280
St. Lucia,2005,935463205
St. Lucia,2006,1066944388
St. Lucia,2007,1143476979
St. Lucia,2008,1171371518
St. Lucia,2009,1176607814
St. Lucia,2010,1244297407
Latin America & Caribbean (all income levels),1999,2035654622728
Latin America & Caribbean (all income levels),2000,2252113657921
Latin America & Caribbean (all income levels),2001,2199679444075
Latin America & Caribbean (all income levels),2002,1977707672750
Latin America & Caribbean (all income levels),2003,2033259546100
Latin America & Caribbean (all income levels),2004,2364388613696
Latin America & Caribbean (all income levels),2005,2859771903092
Latin America & Caribbean (all income levels),2006,3351637844140
Latin America & Caribbean (all income levels),2007,3949352728622
Latin America & Caribbean (all income levels),2008,4579901661224
Latin America & Caribbean (all income levels),2009,4300977053207
Latin America & Caribbean (all income levels),2010,5308616842812
Least developed countries: UN classification,1999,170262368198
Least developed countries: UN classification,2000,194094586625
Least developed countries: UN classification,2001,186106492741
Least developed countries: UN classification,2002,201016842287
Least developed countries: UN classification,2003,225333958068
Least developed countries: UN classification,2004,262896522921
Least developed countries: UN classification,2005,309152807369
Least developed countries: UN classification,2006,370797351988
Least developed countries: UN classification,2007,460586992227
Least developed countries: UN classification,2008,567108865598
Least developed countries: UN classification,2009,564191563660
Least developed countries: UN classification,2010,632271237249
Low income,1999,161860667695
Low income,2000,178895648884
Low income,2001,168500044880
Low income,2002,176500591398
Low income,2003,193556315777
Low income,2004,216795965431
Low income,2005,242141298155
Low income,2006,280350588530
Low income,2007,336476578747
Low income,2008,398214827588
Low income,2009,428521911722
Low income,2010,467336085583
Liechtenstein,1999,2664105901
Liechtenstein,2000,2483890593
Liechtenstein,2001,2491800558
Liechtenstein,2002,2688617884
Liechtenstein,2003,3070803431
Liechtenstein,2004,3454374260
Liechtenstein,2005,3658356377
Liechtenstein,2006,3988775843
Liechtenstein,2007,4602346923
Liechtenstein,2008,4929414914
Liechtenstein,2009,4826167676
Sri Lanka,1999,15656342015
Sri Lanka,2000,16330810303
Sri Lanka,2001,15746224409
Sri Lanka,2002,17102623876
Sri Lanka,2003,18881765437
Sri Lanka,2004,20662525941
Sri Lanka,2005,24405791044
Sri Lanka,2006,28267410542
Sri Lanka,2007,32351184234
Sri Lanka,2008,40715240468
Sri Lanka,2009,42067974595
Sri Lanka,2010,49567521669
Lower middle income,1999,1172279255296
Lower middle income,2000,1241008170438
Lower middle income,2001,1253774670832
Lower middle income,2002,1346973264116
Lower middle income,2003,1543093949107
Lower middle income,2004,1769079445538
Lower middle income,2005,2041691323438
Lower middle income,2006,2429185158090
Lower middle income,2007,2999725250640
Lower middle income,2008,3337116656360
Lower middle income,2009,3416227063172
Lower middle income,2010,4307716111005
Low & middle income,1999,5247218370201
Low & middle income,2000,5683032378816
Low & middle income,2001,5698216979110
Low & middle income,2002,5795949705572
Low & middle income,2003,6502380397046
Low & middle income,2004,7655860597182
Low & middle income,2005,9035893679917
Low & middle income,2006,10642099838138
Low & middle income,2007,13118512000864
Low & middle income,2008,15629169850933
Low & middle income,2009,15598994872170
Low & middle income,2010,18897172443583
Lesotho,1999,801538587
Lesotho,2000,771261702
Lesotho,2001,706400237
Lesotho,2002,656752925
Lesotho,2003,969167242
Lesotho,2004,1234215384
Lesotho,2005,1368352564
Lesotho,2006,1428852974
Lesotho,2007,1597499474
Lesotho,2008,1630672199
Lesotho,2009,1708787736
Lesotho,2010,2175692207
Lithuania,1999,10971375000
Lithuania,2000,11434200000
Lithuania,2001,12159225000
Lithuania,2002,14163949141
Lithuania,2003,18608709856
Lithuania,2004,22659294573
Lithuania,2005,26085307221
Lithuania,2006,30246361656
Lithuania,2007,39325985930
Lithuania,2008,47438363056
Lithuania,2009,37050081723
Lithuania,2010,36709511568
Luxembourg,1999,22267745365
Luxembourg,2000,21303021927
Luxembourg,2001,20998210290
Luxembourg,2002,23285902503
Luxembourg,2003,29095033860
Luxembourg,2004,34209333656
Luxembourg,2005,37023578570
Luxembourg,2006,41779066643
Luxembourg,2007,49207986176
Luxembourg,2008,54963951911
Luxembourg,2009,50141325205
Luxembourg,2010,52143650382
Latvia,1999,7288524472
Latvia,2000,7833068425
Latvia,2001,8313047743
Latvia,2002,9314784080
Latvia,2003,11186452600
Latvia,2004,13761569544
Latvia,2005,16041840426
Latvia,2006,19935046397
Latvia,2007,28765687041
Latvia,2008,33669367720
Latvia,2009,25875781250
Latvia,2010,24009680459
"Macao SAR, China",1999,5916957024
"Macao SAR, China",2000,6101794938
"Macao SAR, China",2001,6514271488
"Macao SAR, China",2002,7008026414
"Macao SAR, China",2003,7926373572
"Macao SAR, China",2004,10258324479
"Macao SAR, China",2005,11792570015
"Macao SAR, China",2006,14568709574
"Macao SAR, China",2007,18054684854
"Macao SAR, China",2008,20731022857
"Macao SAR, China",2009,21313263933
"Macao SAR, China",2010,28359706123
Morocco,1999,39734023742
Morocco,2000,37020609824
Morocco,2001,37724674865
Morocco,2002,40416114690
Morocco,2003,49822651701
Morocco,2004,56948015336
Morocco,2005,59523857868
Morocco,2006,65637107776
Morocco,2007,75226318359
Morocco,2008,88882967741
Morocco,2009,90908402631
Morocco,2010,90770671431
Monaco,1999,2906009307
Monaco,2000,2647883820
Monaco,2001,2671401082
Monaco,2002,2905973022
Monaco,2003,3588988600
Monaco,2004,4110348444
Monaco,2005,4280072625
Monaco,2006,4663488363
Monaco,2007,5974371695
Monaco,2008,6919241412
Monaco,2009,5557579883
Monaco,2010,5350993377
Moldova,1999,1170785047
Moldova,2000,1288420222
Moldova,2001,1480656884
Moldova,2002,1661818168
Moldova,2003,1980901553
Moldova,2004,2598231467
Moldova,2005,2988172424
Moldova,2006,3408454197
Moldova,2007,4402495921
Moldova,2008,6054806100
Moldova,2009,5439422031
Moldova,2010,5811604051
Madagascar,1999,3717515282
Madagascar,2000,3877673634
Madagascar,2001,4529575232
Madagascar,2002,4397254714
Madagascar,2003,5474030227
Madagascar,2004,4363934416
Madagascar,2005,5039292946
Madagascar,2006,5515884434
Madagascar,2007,7342923619
Madagascar,2008,9413002737
Madagascar,2009,8550363829
Madagascar,2010,8729936135
Maldives,1999,589239757
Maldives,2000,624337143
Maldives,2001,802442810
Maldives,2002,828240882
Maldives,2003,949867661
Maldives,2004,1075605492
Maldives,2005,992473987
Maldives,2006,1303375806
Maldives,2007,1541978558
Maldives,2008,1891633531
Maldives,2009,1984639640
Maldives,2010,2134104883
Middle East & North Africa (all income levels),1999,846525477858
Middle East & North Africa (all income levels),2000,948161355351
Middle East & North Africa (all income levels),2001,946913333767
Middle East & North Africa (all income levels),2002,947456748476
Middle East & North Africa (all income levels),2003,1061036189376
Middle East & North Africa (all income levels),2004,1237176685343
Middle East & North Africa (all income levels),2005,1484342423639
Middle East & North Africa (all income levels),2006,1739775780098
Middle East & North Africa (all income levels),2007,2056646726744
Middle East & North Africa (all income levels),2008,2595218073923
Middle East & North Africa (all income levels),2009,2310150688528
Middle East & North Africa (all income levels),2010,2689019519330
Mexico,1999,579459682094
Mexico,2000,683647980782
Mexico,2001,724703571306
Mexico,2002,741559499084
Mexico,2003,713284260879
Mexico,2004,770267585947
Mexico,2005,866346483685
Mexico,2006,966735935557
Mexico,2007,1043394940067
Mexico,2008,1099073123654
Mexico,2009,895313142212
Mexico,2010,1051627949327
Marshall Islands,1999,107978893
Marshall Islands,2000,110937729
Marshall Islands,2001,115152142
Marshall Islands,2002,124735071
Marshall Islands,2003,126887585
Marshall Islands,2004,131106365
Marshall Islands,2005,137744500
Marshall Islands,2006,143615000
Marshall Islands,2007,150041700
Marshall Islands,2008,152785100
Marshall Islands,2009,152116100
Marshall Islands,2010,163917000
Middle income,1999,5087088800966
Middle income,2000,5506464406083
Middle income,2001,5530674233239
Middle income,2002,5620994788693
Middle income,2003,6310059356213
Middle income,2004,7439277202882
Middle income,2005,8792406146028
Middle income,2006,10359601636389
Middle income,2007,12778328485184
Middle income,2008,15226237041012
Middle income,2009,15169318992242
Middle income,2010,18422513868913
"Macedonia, FYR",1999,3673288165
"Macedonia, FYR",2000,3586883988
"Macedonia, FYR",2001,3436961384
"Macedonia, FYR",2002,3791306757
"Macedonia, FYR",2003,4756221628
"Macedonia, FYR",2004,5514253043
"Macedonia, FYR",2005,5985809059
"Macedonia, FYR",2006,6560546900
"Macedonia, FYR",2007,8159825620
"Macedonia, FYR",2008,9834034351
"Macedonia, FYR",2009,9313573964
"Macedonia, FYR",2010,9338674078
Mali,1999,2570429654
Mali,2000,2422482317
Mali,2001,2629739067
Mali,2002,3342824259
Mali,2003,4362439886
Mali,2004,4874178417
Mali,2005,5305317554
Mali,2006,6122644014
Mali,2007,7145394015
Mali,2008,8737687352
Mali,2009,8964480570
Mali,2010,9422267259
Malta,1999,3907947937
Malta,2000,3957418082
Malta,2001,3917620727
Malta,2002,4296164768
Malta,2003,5119621569
Malta,2004,5643525281
Malta,2005,5980795755
Malta,2006,6390123590
Malta,2007,7513834699
Malta,2008,8554293727
Malta,2009,8099400960
Malta,2010,8163841059
Middle East & North Africa (developing only),1999,418299884864
Middle East & North Africa (developing only),2000,436296223452
Middle East & North Africa (developing only),2001,447345841901
Middle East & North Africa (developing only),2002,438152182740
Middle East & North Africa (developing only),2003,487798585750
Middle East & North Africa (developing only),2004,561856996619
Middle East & North Africa (developing only),2005,655692914174
Middle East & North Africa (developing only),2006,763983639769
Middle East & North Africa (developing only),2007,940383832348
Middle East & North Africa (developing only),2008,1188252330480
Middle East & North Africa (developing only),2009,1141554097726
Middle East & North Africa (developing only),2010,1313802058807
Montenegro,2000,984279596
Montenegro,2001,1159891560
Montenegro,2002,1284504508
Montenegro,2003,1707662607
Montenegro,2004,2073255525
Montenegro,2005,2257174480
Montenegro,2006,2696020574
Montenegro,2007,3673382211
Montenegro,2008,4538345344
Montenegro,2009,4158135025
Montenegro,2010,4114881346
Mongolia,1999,1057408608
Mongolia,2000,1136896162
Mongolia,2001,1267997923
Mongolia,2002,1396555772
Mongolia,2003,1595297301
Mongolia,2004,1992066758
Mongolia,2005,2523359940
Mongolia,2006,3414053250
Mongolia,2007,4234894168
Mongolia,2008,5623236707
Mongolia,2009,4583834427
Mongolia,2010,6200357070
Mozambique,1999,4536278939
Mozambique,2000,4310090791
Mozambique,2001,4075049537
Mozambique,2002,4201332885
Mozambique,2003,4666197195
Mozambique,2004,5697991242
Mozambique,2005,6578515330
Mozambique,2006,7095910826
Mozambique,2007,9192939073
Mozambique,2008,11026247458
Mozambique,2009,10726631099
Mozambique,2010,10165353591
Mauritania,1999,1194629230
Mauritania,2000,1081207677
Mauritania,2001,1121564037
Mauritania,2002,1149655880
Mauritania,2003,1285178265
Mauritania,2004,1496460378
Mauritania,2005,1857835643
Mauritania,2006,2699181754
Mauritania,2007,2837533270
Mauritania,2008,3585284791
Mauritania,2009,3027020496
Mauritania,2010,3526947608
Mauritius,1999,4291171395
Mauritius,2000,4582562397
Mauritius,2001,4536544699
Mauritius,2002,4767303153
Mauritius,2003,5609836353
Mauritius,2004,6385691315
Mauritius,2005,6283796154
Mauritius,2006,6731536244
Mauritius,2007,7792063566
Mauritius,2008,9641077098
Mauritius,2009,8834661042
Mauritius,2010,9718233910
Malawi,1999,1775920039
Malawi,2000,1743506286
Malawi,2001,1716502069
Malawi,2002,2665158942
Malawi,2003,2424656666
Malawi,2004,2625127097
Malawi,2005,2754995876
Malawi,2006,3116789657
Malawi,2007,3647817218
Malawi,2008,4276769712
Malawi,2009,5030639934
Malawi,2010,5398616984
Malaysia,1999,79148158887
Malaysia,2000,93789473684
Malaysia,2001,92783947368
Malaysia,2002,100845526315
Malaysia,2003,110202368421
Malaysia,2004,124749736842
Malaysia,2005,143533152129
Malaysia,2006,162691922355
Malaysia,2007,193552511883
Malaysia,2008,230988518916
Malaysia,2009,202251384991
Malaysia,2010,247533525517
North America,1999,10338249666896
North America,2000,11027736147893
North America,2001,11358197425148
North America,2002,11733968930032
North America,2003,12402638291469
North America,2004,13297770277395
North America,2005,14262747609989
North America,2006,15172109488078
North America,2007,15941367885625
North America,2008,16267270656744
North America,2009,15795345532047
North America,2010,16584216507764
Namibia,1999,3818964345
Namibia,2000,3908645559
Namibia,2001,3546791604
Namibia,2002,3361236316
Namibia,2003,4931280096
Namibia,2004,6606866456
Namibia,2005,7261301442
Namibia,2006,7978676469
Namibia,2007,8740923997
Namibia,2008,8486515516
Namibia,2009,8875960840
Namibia,2010,11281996426
New Caledonia,1999,3056999988
New Caledonia,2000,2682347064
Niger,1999,2018193598
Niger,2000,1798374532
Niger,2001,1945327545
Niger,2002,2170481497
Niger,2003,2731416281
Niger,2004,3052898685
Niger,2005,3405134555
Niger,2006,3646727993
Niger,2007,4291363546
Niger,2008,5403364453
Niger,2009,5397121962
Niger,2010,5718589550
Nigeria,1999,35870792987
Nigeria,2000,46385996027
Nigeria,2001,44138014092
Nigeria,2002,59116868249
Nigeria,2003,67655840108
Nigeria,2004,87845403978
Nigeria,2005,112248324602
Nigeria,2006,145429802541
Nigeria,2007,166451202370
Nigeria,2008,208064724514
Nigeria,2009,169481270114
Nigeria,2010,369062403181
Nicaragua,1999,4855717874
Nicaragua,2000,5107329007
Nicaragua,2001,5323146565
Nicaragua,2002,5224213017
Nicaragua,2003,5322437645
Nicaragua,2004,5795568204
Nicaragua,2005,6322582498
Nicaragua,2006,6786294615
Nicaragua,2007,7458103363
Nicaragua,2008,8491388728
Nicaragua,2009,8380731881
Nicaragua,2010,8938209651
Netherlands,1999,439937140421
Netherlands,2000,413396904367
Netherlands,2001,426091275167
Netherlands,2002,464478637304
Netherlands,2003,570917607223
Netherlands,2004,646069794441
Netherlands,2005,672357359598
Netherlands,2006,719376019921
Netherlands,2007,833147764794
Netherlands,2008,931327892379
Netherlands,2009,858033892517
Netherlands,2010,836389937229
High income: nonOECD,1999,1260837866727
High income: nonOECD,2000,1439783492804
High income: nonOECD,2001,1446620700517
High income: nonOECD,2002,1518544017006
High income: nonOECD,2003,1700664441038
High income: nonOECD,2004,2046540891507
High income: nonOECD,2005,2451779810946
High income: nonOECD,2006,2893985009727
High income: nonOECD,2007,3446998769568
High income: nonOECD,2008,4156422333809
High income: nonOECD,2009,3404017269100
High income: nonOECD,2010,4024583886541
Norway,1999,159045286696
Norway,2000,168288531891
Norway,2001,170922851073
Norway,2002,191927027230
Norway,2003,224880794327
Norway,2004,260029106207
Norway,2005,304060069848
Norway,2006,340041735966
Norway,2007,393479385840
Norway,2008,453885460992
Norway,2009,378849191624
Norway,2010,420945705225
Nepal,1999,5033642384
Nepal,2000,5494252207
Nepal,2001,6007061224
Nepal,2002,6050875806
Nepal,2003,6330476434
Nepal,2004,7273933992
Nepal,2005,8130258976
Nepal,2006,9043715355
Nepal,2007,10325618017
Nepal,2008,12545438605
Nepal,2009,12899651883
Nepal,2010,15994094606
New Zealand,1999,58176345425
New Zealand,2000,52011592675
New Zealand,2001,53305709023
New Zealand,2002,66020996599
New Zealand,2003,87440454378
New Zealand,2004,102986218487
New Zealand,2005,113791466880
New Zealand,2006,110205483337
New Zealand,2007,135294592082
New Zealand,2008,130459339598
New Zealand,2009,118952901992
New Zealand,2010,143466743661
High income: OECD,1999,25668791119204
High income: OECD,2000,26100224095547
High income: OECD,2001,25884350096591
High income: OECD,2002,26998281037510
High income: OECD,2003,30331352197874
High income: OECD,2004,33717112456480
High income: OECD,2005,35490791599942
High income: OECD,2006,37363521126658
High income: OECD,2007,40796265459931
High income: OECD,2008,43124079100060
High income: OECD,2009,40582578378374
High income: OECD,2010,42358994825139
OECD members,1999,26546968140876
OECD members,2000,27097550025310
OECD members,2001,26858592350847
OECD members,2002,28039741382795
OECD members,2003,31432380170562
OECD members,2004,34982703135876
OECD members,2005,36952007993239
OECD members,2006,38975395604505
OECD members,2007,42625395651834
OECD members,2008,45110068617076
OECD members,2009,42221805284244
OECD members,2010,44271376427985
Oman,1999,15710148340
Oman,2000,19507412380
Oman,2001,19452015761
Oman,2002,20142782997
Oman,2003,21633810317
Oman,2004,24763589276
Oman,2005,31081924827
Oman,2006,37215865059
Oman,2007,42085305930
Oman,2008,60905332090
Oman,2009,48388296879
Oman,2010,58641352878
Other small states,1999,26595102039
Other small states,2000,28241951284
Other small states,2001,27827446272
Other small states,2002,28515466625
Other small states,2003,36672058472
Other small states,2004,45607445234
Other small states,2005,53183533241
Other small states,2006,56886685998
Other small states,2007,66347875519
Other small states,2008,79679966292
Other small states,2009,68488524123
Other small states,2010,82018639965
Pakistan,1999,62973855718
Pakistan,2000,73952374969
Pakistan,2001,72309738921
Pakistan,2002,72306820396
Pakistan,2003,83244801092
Pakistan,2004,97977766197
Pakistan,2005,109502102510
Pakistan,2006,137264061106
Pakistan,2007,152385716311
Pakistan,2008,170077814106
Pakistan,2009,167874973609
Pakistan,2010,177165635077
Panama,1999,11456300000
Panama,2000,11620500000
Panama,2001,11807500000
Panama,2002,12272400000
Panama,2003,12933200000
Panama,2004,14179300000
Panama,2005,15464700000
Panama,2006,17137000000
Panama,2007,21121900000
Panama,2008,24884000000
Panama,2009,25925100000
Panama,2010,28814100000
Peru,1999,49308109291
Peru,2000,50936239280
Peru,2001,51592179795
Peru,2002,54452491886
Peru,2003,59034091562
Peru,2004,66730306799
Peru,2005,74963815412
Peru,2006,87985689388
Peru,2007,102172270670
Peru,2008,121571548180
Peru,2009,121200381042
Peru,2010,148522810971
Philippines,1999,82995145599
Philippines,2000,81026294682
Philippines,2001,76261998623
Philippines,2002,81357657790
Philippines,2003,83908205719
Philippines,2004,91371236938
Philippines,2005,103065972408
Philippines,2006,122210719245
Philippines,2007,149359920005
Philippines,2008,173602533344
Philippines,2009,168333540385
Philippines,2010,199589447424
Palau,1999,113485000
Palau,2000,159855700
Palau,2001,167035100
Palau,2002,168681200
Palau,2003,173898900
Palau,2004,191243000
Palau,2005,206232600
Palau,2006,208666100
Palau,2007,211558600
Palau,2008,213354500
Palau,2009,198202400
Palau,2010,197558700
Papua New Guinea,1999,3477060138
Papua New Guinea,2000,3521348154
Papua New Guinea,2001,3081029665
Papua New Guinea,2002,2999542369
Papua New Guinea,2003,3536459111
Papua New Guinea,2004,3927114465
Papua New Guinea,2005,4869032258
Papua New Guinea,2006,5521895424
Papua New Guinea,2007,6330639730
Papua New Guinea,2008,8000370370
Papua New Guinea,2009,8090942028
Papua New Guinea,2010,9717175432
Poland,1999,168224897393
Poland,2000,171708027298
Poland,2001,190901056474
Poland,2002,198679176378
Poland,2003,217514167875
Poland,2004,253525770715
Poland,2005,304412019236
Poland,2006,343338920225
Poland,2007,428948928326
Poland,2008,530185123692
Poland,2009,436476394987
Poland,2010,476687891752
Puerto Rico,1999,57840954000
Puerto Rico,2000,61701810000
Puerto Rico,2001,69668635000
Puerto Rico,2002,72546194000
Puerto Rico,2003,75833996000
Puerto Rico,2004,80322313000
Puerto Rico,2005,83914521340
Puerto Rico,2006,87276164364
Puerto Rico,2007,89524131617
Puerto Rico,2008,93639316000
Puerto Rico,2009,96385638000
Puerto Rico,2010,98381268000
Portugal,1999,127465545493
Portugal,2000,118358489957
Portugal,2001,121545880984
Portugal,2002,134228697534
Portugal,2003,164964195259
Portugal,2004,189195659111
Portugal,2005,197299605780
Portugal,2006,208556265151
Portugal,2007,240157009460
Portugal,2008,262017296166
Portugal,2009,243731066786
Portugal,2010,238303443425
Paraguay,1999,8392549702
Paraguay,2000,8195993230
Paraguay,2001,7662595075
Paraguay,2002,6325151760
Paraguay,2003,6588103836
Paraguay,2004,8033877360
Paraguay,2005,8734651405
Paraguay,2006,10662013273
Paraguay,2007,13794909537
Paraguay,2008,18504128632
Paraguay,2009,15929903100
Paraguay,2010,20030529733
Pacific island small states,1999,3672292815
Pacific island small states,2000,3434142911
Pacific island small states,2001,3357161727
Pacific island small states,2002,3539505609
Pacific island small states,2003,4164226696
Pacific island small states,2004,4814395694
Pacific island small states,2005,5264864691
Pacific island small states,2006,5534256408
Pacific island small states,2007,6067244010
Pacific island small states,2008,6523272046
Pacific island small states,2009,5741401929
Pacific island small states,2010,6373020822
French Polynesia,1999,3797016068
French Polynesia,2000,3447543137
Qatar,1999,12393131510
Qatar,2000,17759889598
Qatar,2001,17538461033
Qatar,2002,19363735705
Qatar,2003,23533790530
Qatar,2004,31734065019
Qatar,2005,44530493222
Qatar,2006,60882141102
Qatar,2007,79711810889
Qatar,2008,115269776897
Qatar,2009,97798348829
Qatar,2010,125122249141
Romania,1999,35592337082
Romania,2000,37305099928
Romania,2001,40585886768
Romania,2002,45988510813
Romania,2003,59466017705
Romania,2004,75794733525
Romania,2005,99172613715
Romania,2006,122695850811
Romania,2007,170616958884
Romania,2008,204338605783
Romania,2009,164344371295
Romania,2010,164792252745
Russian Federation,1999,195905767668
Russian Federation,2000,259708496267
Russian Federation,2001,306602673980
Russian Federation,2002,345110438693
Russian Federation,2003,430347770733
Russian Federation,2004,591016690742
Russian Federation,2005,764000901159
Russian Federation,2006,989930542278
Russian Federation,2007,1299705247685
Russian Federation,2008,1660844408499
Russian Federation,2009,1222643696991
Russian Federation,2010,1524916112078
Rwanda,1999,1817655191
Rwanda,2000,1734938190
Rwanda,2001,1674685125
Rwanda,2002,1677447003
Rwanda,2003,1845979351
Rwanda,2004,2089188920
Rwanda,2005,2581465675
Rwanda,2006,3110327822
Rwanda,2007,3775447705
Rwanda,2008,4796573942
Rwanda,2009,5308990208
Rwanda,2010,5698548923
South Asia,1999,599543853870
South Asia,2000,622975897561
South Asia,2001,638745671205
South Asia,2002,672494121092
South Asia,2003,784882714578
South Asia,2004,911124327837
South Asia,2005,1044617146262
South Asia,2006,1204769690873
South Asia,2007,1525956523794
South Asia,2008,1552407202566
South Asia,2009,1706429173209
South Asia,2010,2086121491226
Saudi Arabia,1999,160957062621
Saudi Arabia,2000,188441864874
Saudi Arabia,2001,183012268441
Saudi Arabia,2002,188551196398
Saudi Arabia,2003,214572800000
Saudi Arabia,2004,258742133333
Saudi Arabia,2005,328459608764
Saudi Arabia,2006,376900133511
Saudi Arabia,2007,415909018143
Saudi Arabia,2008,519796800000
Saudi Arabia,2009,429097866666
Saudi Arabia,2010,526811466666
Sudan,1999,10682027634
Sudan,2000,12257299147
Sudan,2001,13182872559
Sudan,2002,14803423344
Sudan,2003,17646271378
Sudan,2004,21457886198
Sudan,2005,26524992244
Sudan,2006,35821858723
Sudan,2007,45898948553
Sudan,2008,54527549913
Sudan,2009,53149439400
Sudan,2010,65632081240
Senegal,1999,5144045092
Senegal,2000,4679604921
Senegal,2001,4877602012
Senegal,2002,5333862343
Senegal,2003,6858952716
Senegal,2004,8031344239
Senegal,2005,8707015063
Senegal,2006,9358710763
Senegal,2007,11284603480
Senegal,2008,13386346542
Senegal,2009,12812994669
Senegal,2010,12932427724
Singapore,1999,86285332761
Singapore,2000,95835970989
Singapore,2001,89285087394
Singapore,2002,91941791943
Singapore,2003,97002305536
Singapore,2004,114186643421
Singapore,2005,127417879442
Singapore,2006,147794117647
Singapore,2007,179981089530
Singapore,2008,192231202951
Singapore,2009,192406441416
Singapore,2010,236420337242
Solomon Islands,1999,482214092
Solomon Islands,2000,435101217
Solomon Islands,2001,400464593
Solomon Islands,2002,341663053
Solomon Islands,2003,332736306
Solomon Islands,2004,375109694
Solomon Islands,2005,413909879
Solomon Islands,2006,456735444
Solomon Islands,2007,516209150
Solomon Islands,2008,608292551
Solomon Islands,2009,597765363
Solomon Islands,2010,681587104
Sierra Leone,1999,669384768
Sierra Leone,2000,635874002
Sierra Leone,2001,1079478387
Sierra Leone,2002,1239004287
Sierra Leone,2003,1371442565
Sierra Leone,2004,1431208677
Sierra Leone,2005,1627853086
Sierra Leone,2006,1887429109
Sierra Leone,2007,2158653216
Sierra Leone,2008,2505620416
Sierra Leone,2009,2453972925
Sierra Leone,2010,2578159495
El Salvador,1999,12464700000
El Salvador,2000,13134100000
El Salvador,2001,13812700000
El Salvador,2002,14306700000
El Salvador,2003,15046700000
El Salvador,2004,15798300000
El Salvador,2005,17093800000
El Salvador,2006,18550700000
El Salvador,2007,20104900000
El Salvador,2008,21431000000
El Salvador,2009,20661000000
El Salvador,2010,21418300000
San Marino,1999,853373879
San Marino,2000,773907642
San Marino,2001,815205233
San Marino,2002,879957209
San Marino,2003,1122981525
San Marino,2004,1317357834
San Marino,2005,1375416604
San Marino,2006,1469075398
San Marino,2007,1687653983
San Marino,2008,1899809579
Serbia,1999,18409364146
Serbia,2000,6540247190
Serbia,2001,12267175481
Serbia,2002,16116843146
Serbia,2003,21188704081
Serbia,2004,24861483280
Serbia,2005,26252007830
Serbia,2006,30607991862
Serbia,2007,40289556656
Serbia,2008,49259526052
Serbia,2009,42616653299
Serbia,2010,39368633038
Sub-Saharan Africa (developing only),1999,336500516213
Sub-Saharan Africa (developing only),2000,360196700986
Sub-Saharan Africa (developing only),2001,333785749681
Sub-Saharan Africa (developing only),2002,356644845524
Sub-Saharan Africa (developing only),2003,455583944390
Sub-Saharan Africa (developing only),2004,566150209037
Sub-Saharan Africa (developing only),2005,661094690497
Sub-Saharan Africa (developing only),2006,771918766539
Sub-Saharan Africa (developing only),2007,903133090399
Sub-Saharan Africa (developing only),2008,1027889442796
Sub-Saharan Africa (developing only),2009,985495366442
Sub-Saharan Africa (developing only),2010,1322703953903
South Sudan,2008,15550350865
South Sudan,2009,12231253563
South Sudan,2010,15727809699
Sub-Saharan Africa (all income levels),1999,337117320214
Sub-Saharan Africa (all income levels),2000,361239483223
Sub-Saharan Africa (all income levels),2001,335245611358
Sub-Saharan Africa (all income levels),2002,358451073700
Sub-Saharan Africa (all income levels),2003,458068645127
Sub-Saharan Africa (all income levels),2004,570565498466
Sub-Saharan Africa (all income levels),2005,669327963078
Sub-Saharan Africa (all income levels),2006,780014080307
Sub-Saharan Africa (all income levels),2007,913352470066
Sub-Saharan Africa (all income levels),2008,1043363133300
Sub-Saharan Africa (all income levels),2009,994954321498
Sub-Saharan Africa (all income levels),2010,1334424376653
Small states,1999,59872712792
Small states,2000,63959645100
Small states,2001,64341176952
Small states,2002,67007607714
Small states,2003,78258641999
Small states,2004,91192376905
Small states,2005,105035542747
Small states,2006,114911890583
Small states,2007,130853809100
Small states,2008,152901939212
Small states,2009,130375221021
Small states,2010,147766695232
Sao Tome and Principe,2000,76709304
Sao Tome and Principe,2001,76553443
Sao Tome and Principe,2002,84617970
Sao Tome and Principe,2003,101315399
Sao Tome and Principe,2004,110723361
Sao Tome and Principe,2005,123258507
Sao Tome and Principe,2006,135181861
Sao Tome and Principe,2007,144259256
Sao Tome and Principe,2008,183464986
Sao Tome and Principe,2009,196473838
Sao Tome and Principe,2010,201037916
Suriname,1999,885444186
Suriname,2000,892164393
Suriname,2001,763465550
Suriname,2002,1078402127
Suriname,2003,1271196078
Suriname,2004,1484092538
Suriname,2005,1793557833
Suriname,2006,2626093294
Suriname,2007,2936612021
Suriname,2008,3532969034
Suriname,2009,3875409836
Suriname,2010,4368398047
Slovak Republic,1999,30409021947
Slovak Republic,2000,29110067256
Slovak Republic,2001,30699979418
Slovak Republic,2002,35144769433
Slovak Republic,2003,46810992099
Slovak Republic,2004,57329422647
Slovak Republic,2005,62676556398
Slovak Republic,2006,70450243382
Slovak Republic,2007,86030964960
Slovak Republic,2008,99832535520
Slovak Republic,2009,88634272020
Slovak Republic,2010,89011919205
Slovenia,1999,22689556844
Slovenia,2000,20341391805
Slovenia,2001,20875944894
Slovenia,2002,23563028318
Slovenia,2003,29698471223
Slovenia,2004,34470563470
Slovenia,2005,36344911638
Slovenia,2006,39585411480
Slovenia,2007,48114688201
Slovenia,2008,55589849128
Slovenia,2009,50244793831
Slovenia,2010,47972988741
Sweden,1999,270847937645
Sweden,2000,259802012617
Sweden,2001,239917320966
Sweden,2002,263926220332
Sweden,2003,331108912605
Sweden,2004,381705944707
Sweden,2005,389042905733
Sweden,2006,420029322674
Sweden,2007,487818493601
Sweden,2008,513965715632
Sweden,2009,429655957162
Sweden,2010,488377689564
Swaziland,1999,1547884442
Swaziland,2000,1524496383
Swaziland,2001,1349339652
Swaziland,2002,1224226095
Swaziland,2003,1854032545
Swaziland,2004,2420645241
Swaziland,2005,2584089443
Swaziland,2006,2947943587
Swaziland,2007,3053851503
Swaziland,2008,3019779208
Swaziland,2009,3144708270
Swaziland,2010,3891575151
Seychelles,1999,622985493
Seychelles,2000,614879764
Seychelles,2001,622262057
Seychelles,2002,697518248
Seychelles,2003,705704816
Seychelles,2004,916940120
Seychelles,2005,916940120
Seychelles,2006,1019696244
Seychelles,2007,1018952395
Seychelles,2008,962317618
Seychelles,2009,847427370
Seychelles,2010,973360306
Syrian Arab Republic,1999,15873875968
Syrian Arab Republic,2000,19325894913
Syrian Arab Republic,2001,21099833783
Syrian Arab Republic,2002,21582248881
Syrian Arab Republic,2003,21828144686
Syrian Arab Republic,2004,25086930693
Syrian Arab Republic,2005,28858965517
Syrian Arab Republic,2006,33332844574
Syrian Arab Republic,2007,40405006007
Chad,1999,1534673583
Chad,2000,1385058161
Chad,2001,1709347793
Chad,2002,1987622279
Chad,2003,2736666515
Chad,2004,4414929219
Chad,2005,6646663561
Chad,2006,7422102655
Chad,2007,8638713245
Chad,2008,10351934916
Chad,2009,9253486068
Chad,2010,10657705536
Togo,1999,1576094484
Togo,2000,1294250279
Togo,2001,1332328986
Togo,2002,1474630199
Togo,2003,1673690389
Togo,2004,1937074537
Togo,2005,2115154090
Togo,2006,2202809210
Togo,2007,2523462648
Togo,2008,3163416556
Togo,2009,3163000590
Togo,2010,3172945506
Thailand,1999,122629741698
Thailand,2000,122725247705
Thailand,2001,115536405150
Thailand,2002,126876918690
Thailand,2003,142640079033
Thailand,2004,161339790594
Thailand,2005,176351948403
Thailand,2006,207088828467
Thailand,2007,246976870172
Thailand,2008,272577799257
Thailand,2009,263711244888
Thailand,2010,318907930075
Tajikistan,1999,1086567367
Tajikistan,2000,860550294
Tajikistan,2001,1080774005
Tajikistan,2002,1221113794
Tajikistan,2003,1554125542
Tajikistan,2004,2076148710
Tajikistan,2005,2312319579
Tajikistan,2006,2830236053
Tajikistan,2007,3719497371
Tajikistan,2008,5161336170
Tajikistan,2009,4979481980
Tajikistan,2010,5642178579
Turkmenistan,1999,2450686659
Turkmenistan,2000,2904662604
Turkmenistan,2001,3534771968
Turkmenistan,2002,4462028988
Turkmenistan,2003,5977440582
Turkmenistan,2004,6838351088
Turkmenistan,2005,8104355716
Turkmenistan,2006,10277598152
Turkmenistan,2007,12664165103
Turkmenistan,2008,19271523178
Turkmenistan,2009,20214385964
Turkmenistan,2010,22148070175
Timor-Leste,2000,368000000
Timor-Leste,2001,452000000
Timor-Leste,2002,444000000
Timor-Leste,2003,453000000
Timor-Leste,2004,466000000
Timor-Leste,2005,491000000
Timor-Leste,2006,463000000
Timor-Leste,2007,559000000
Timor-Leste,2008,694000000
Timor-Leste,2009,818000000
Timor-Leste,2010,934000000
Tonga,1999,194669501
Tonga,2000,188623258
Tonga,2001,167042880
Tonga,2002,181801946
Tonga,2003,208098551
Tonga,2004,240794581
Tonga,2005,264812953
Tonga,2006,295998379
Tonga,2007,301064027
Tonga,2008,346850175
Tonga,2009,318522296
Tonga,2010,369212477
Trinidad and Tobago,1999,6808976096
Trinidad and Tobago,2000,8154315701
Trinidad and Tobago,2001,8824873155
Trinidad and Tobago,2002,9008273516
Trinidad and Tobago,2003,11235960527
Trinidad and Tobago,2004,12884712295
Trinidad and Tobago,2005,16088526685
Trinidad and Tobago,2006,18460889362
Trinidad and Tobago,2007,21830397704
Trinidad and Tobago,2008,28165793617
Trinidad and Tobago,2009,19332270662
Trinidad and Tobago,2010,20758191857
Tunisia,1999,22943685719
Tunisia,2000,21473188881
Tunisia,2001,22066101341
Tunisia,2002,23141757277
Tunisia,2003,27453084982
Tunisia,2004,31183139301
Tunisia,2005,32282960678
Tunisia,2006,34378437265
Tunisia,2007,38920218579
Tunisia,2008,44856586316
Tunisia,2009,43454935940
Tunisia,2010,44426016487
Turkey,1999,249751469771
Turkey,2000,266567532725
Turkey,2001,196005289695
Turkey,2002,232534560441
Turkey,2003,303005303081
Turkey,2004,392166275594
Turkey,2005,482979839089
Turkey,2006,530900094644
Turkey,2007,647155131936
Turkey,2008,730337495735
Turkey,2009,614553921806
Turkey,2010,731168051903
Tuvalu,1999,13686699
Tuvalu,2000,13741844
Tuvalu,2001,13196254
Tuvalu,2002,15451309
Tuvalu,2003,18230911
Tuvalu,2004,21535683
Tuvalu,2005,21839543
Tuvalu,2006,22903319
Tuvalu,2007,27030996
Tuvalu,2008,30290770
Tuvalu,2009,27101312
Tuvalu,2010,31824701
Tanzania,1999,9697847589
Tanzania,2000,10185786170
Tanzania,2001,10383560997
Tanzania,2002,10805600068
Tanzania,2003,11659129814
Tanzania,2004,12825801916
Tanzania,2005,14141916592
Tanzania,2006,14331231238
Tanzania,2007,21501395561
Tanzania,2008,27282210005
Tanzania,2009,28596269868
Tanzania,2010,30917376837
Uganda,1999,5998563257
Uganda,2000,6193246837
Uganda,2001,5840503868
Uganda,2002,6178563590
Uganda,2003,6336696288
Uganda,2004,7940362799
Uganda,2005,9013834879
Uganda,2006,9942597779
Uganda,2007,12292814316
Uganda,2008,14239027457
Uganda,2009,16992872448
Uganda,2010,18803852465
Ukraine,1999,31580639053
Ukraine,2000,31261527363
Ukraine,2001,38009344576
Ukraine,2002,42392896031
Ukraine,2003,50132953288
Ukraine,2004,64883060725
Ukraine,2005,86142018069
Ukraine,2006,107753069306
Ukraine,2007,142719009900
Ukraine,2008,179992405832
Ukraine,2009,117227769791
Ukraine,2010,136419300367
Upper middle income,1999,3915098651878
Upper middle income,2000,4265907683782
Upper middle income,2001,4277304825447
Upper middle income,2002,4273954205159
Upper middle income,2003,4766685575560
Upper middle income,2004,5670198365367
Upper middle income,2005,6750719794617
Upper middle income,2006,7930420297119
Upper middle income,2007,9778607652415
Upper middle income,2008,11885950141032
Upper middle income,2009,11750732524729
Upper middle income,2010,14113318156511
Uruguay,1999,23983945190
Uruguay,2000,22823255805
Uruguay,2001,20898788420
Uruguay,2002,13606494599
Uruguay,2003,12045627411
Uruguay,2004,13686333821
Uruguay,2005,17362872704
Uruguay,2006,19579479148
Uruguay,2007,23410536926
Uruguay,2008,30366148181
Uruguay,2009,30461322497
Uruguay,2010,38881102099
United States,1999,9660600000000
United States,2000,10284800000000
United States,2001,10621800000000
United States,2002,10977500000000
United States,2003,11510700000000
United States,2004,12274900000000
United States,2005,13093700000000
United States,2006,13855900000000
United States,2007,14477600000000
United States,2008,14718600000000
United States,2009,14418700000000
United States,2010,14964400000000
Uzbekistan,1999,17078465982
Uzbekistan,2000,13760374487
Uzbekistan,2001,11401351420
Uzbekistan,2002,9687951055
Uzbekistan,2003,10128112401
Uzbekistan,2004,12030023547
Uzbekistan,2005,14307509838
Uzbekistan,2006,17030896203
Uzbekistan,2007,22311393927
Uzbekistan,2008,27934030937
Uzbekistan,2009,32816828372
Uzbekistan,2010,39332770928
St. Vincent and the Grenadines,1999,331866660
St. Vincent and the Grenadines,2000,396261363
St. Vincent and the Grenadines,2001,430039288
St. Vincent and the Grenadines,2002,461883436
St. Vincent and the Grenadines,2003,481806287
St. Vincent and the Grenadines,2004,521975101
St. Vincent and the Grenadines,2005,550728656
St. Vincent and the Grenadines,2006,610778285
St. Vincent and the Grenadines,2007,684049037
St. Vincent and the Grenadines,2008,695428851
St. Vincent and the Grenadines,2009,674922481
St. Vincent and the Grenadines,2010,681225962
"Venezuela, RB",1999,97974136436
"Venezuela, RB",2000,117147614565
"Venezuela, RB",2001,122909734601
"Venezuela, RB",2002,92889586976
"Venezuela, RB",2003,83622191418
"Venezuela, RB",2004,112451400422
"Venezuela, RB",2005,145513489651
"Venezuela, RB",2006,183477522123
"Venezuela, RB",2007,230364229156
"Venezuela, RB",2008,315600372612
"Venezuela, RB",2009,329419189566
"Venezuela, RB",2010,393801556872
Vietnam,1999,28683658004
Vietnam,2000,33640085727
Vietnam,2001,35291349277
Vietnam,2002,37947904054
Vietnam,2003,42717072777
Vietnam,2004,49424107709
Vietnam,2005,57633255739
Vietnam,2006,66371664817
Vietnam,2007,77414425532
Vietnam,2008,99130304099
Vietnam,2009,106014600963
Vietnam,2010,115931749904
Vanuatu,1999,267999225
Vanuatu,2000,272014693
Vanuatu,2001,257926881
Vanuatu,2002,262603781
Vanuatu,2003,314463144
Vanuatu,2004,364996869
Vanuatu,2005,394962552
Vanuatu,2006,437072933
Vanuatu,2007,526425740
Vanuatu,2008,607983815
Vanuatu,2009,610075806
Vanuatu,2010,700804286
West Bank and Gaza,1999,4271509595
West Bank and Gaza,2000,4316456402
West Bank and Gaza,2001,4007793546
West Bank and Gaza,2002,3557451046
West Bank and Gaza,2003,3959278954
West Bank and Gaza,2004,4327268305
West Bank and Gaza,2005,4834276370
West Bank and Gaza,2006,4914728157
West Bank and Gaza,2007,5508346521
West Bank and Gaza,2008,6673500000
West Bank and Gaza,2009,7268200000
West Bank and Gaza,2010,8913100000
World,1999,32184291122987
World,2000,33227328366004
World,2001,33032864604369
World,2002,34317422710816
World,2003,38539724364925
World,2004,43421365629051
World,2005,46975273460934
World,2006,50890620225304
World,2007,57345798219740
World,2008,62878208408425
World,2009,59560637394174
World,2010,65237804618726
Samoa,1999,258831775
Samoa,2000,269019710
Samoa,2001,273088357
Samoa,2002,288075318
Samoa,2003,338836026
Samoa,2004,420318071
Samoa,2005,462644663
Samoa,2006,508505414
Samoa,2007,550967295
Samoa,2008,644145158
Samoa,2009,562357861
Samoa,2010,643059403
"Yemen, Rep.",1999,7641101221
"Yemen, Rep.",2000,9636342274
"Yemen, Rep.",2001,9854042164
"Yemen, Rep.",2002,10693278291
"Yemen, Rep.",2003,11777768086
"Yemen, Rep.",2004,13873500887
"Yemen, Rep.",2005,16753787028
"Yemen, Rep.",2006,19081726103
"Yemen, Rep.",2007,25633674563
"Yemen, Rep.",2008,30397203368
"Yemen, Rep.",2009,27838718233
"Yemen, Rep.",2010,31743751169
South Africa,1999,136631881361
South Africa,2000,136361790996
South Africa,2001,121515880074
South Africa,2002,115482304205
South Africa,2003,175256866088
South Africa,2004,228593703989
South Africa,2005,257772766354
South Africa,2006,271638630110
South Africa,2007,299419609395
South Africa,2008,286769850245
South Africa,2009,295939963709
South Africa,2010,375349442837
"Congo, Dem. Rep.",1999,4711259427
"Congo, Dem. Rep.",2000,19088046305
"Congo, Dem. Rep.",2001,7438044091
"Congo, Dem. Rep.",2002,8728038480
"Congo, Dem. Rep.",2003,8937556125
"Congo, Dem. Rep.",2004,10297481446
"Congo, Dem. Rep.",2005,11964484457
"Congo, Dem. Rep.",2006,14296505933
"Congo, Dem. Rep.",2007,16364027646
"Congo, Dem. Rep.",2008,19206015304
"Congo, Dem. Rep.",2009,18262675199
"Congo, Dem. Rep.",2010,21561941369
Zambia,1999,3404284652
Zambia,2000,3600631918
Zambia,2001,4094441301
Zambia,2002,4193850445
Zambia,2003,4901869715
Zambia,2004,6221109716
Zambia,2005,8331863989
Zambia,2006,12756957883
Zambia,2007,14056878376
Zambia,2008,17911046608
Zambia,2009,15328314220
Zambia,2010,20265396325
Zimbabwe,1999,6858013100
Zimbabwe,2000,6689957600
Zimbabwe,2001,6777384700
Zimbabwe,2002,6342116400
Zimbabwe,2003,5727591800
Zimbabwe,2004,5805598400
Zimbabwe,2005,5755215200
Zimbabwe,2006,5443896500
Zimbabwe,2007,5291950100
Zimbabwe,2008,4415702800
Zimbabwe,2009,8157077400
Zimbabwe,2010,9456808200
