,r_1,r_2,r_3,r_4,r_5,g_1,g_2,g_3,g_4,g_5,b_1,b_2,b_3,b_4,b_5,image
0,6298,11263,9228,10499,1112,4881,9669,8880,11543,3427,13314,5639,3039,8850,7558,landscape
1,5746,6313,13677,9613,3051,5746,6313,13677,9613,3051,5746,6313,13677,9613,3051,landscape
2,16958,11939,4759,1922,2822,8509,19555,5792,449,4095,9922,13229,8727,2252,4270,landscape
3,29808,4568,1868,1176,980,20105,8776,5114,2897,1508,17251,6821,5104,5755,3469,landscape
4,237,1718,4610,17107,14728,287,3268,5614,14971,14260,515,4666,7606,13436,12177,landscape
5,20710,4410,540,3631,9109,20710,4410,540,3631,9109,20710,4410,540,3631,9109,landscape
6,3651,6686,13434,10077,4552,7129,7502,12889,9511,1369,30791,1938,1801,2880,990,landscape
7,7157,11430,11220,6609,1984,6504,11883,14531,4628,854,11657,16335,8197,1378,833,landscape
8,8026,13201,10881,4391,1901,4914,18242,8293,5039,1912,19282,10764,1986,4121,2247,landscape
9,13585,12624,9219,2714,258,25468,10477,1838,467,150,32531,4477,913,310,169,landscape
10,3429,6868,8857,6101,13145,1721,7372,12054,10476,6777,6245,7839,9925,7533,6858,landscape
11,5097,18443,8087,5545,1228,5097,18443,8087,5545,1228,5097,18443,8087,5545,1228,landscape
12,7521,6184,8816,11794,4085,8058,6326,13259,9581,1176,9379,3096,14926,10587,412,landscape
13,12459,10252,6609,3424,5656,10599,15448,4993,1838,5522,10528,12863,6524,3009,5476,landscape
14,9269,18067,1769,2632,6663,8014,19428,1644,1324,7990,23120,5771,193,394,8922,landscape
15,2332,8292,10646,9561,7569,1308,4880,16003,12217,3992,5662,12121,4008,16424,185,landscape
16,16506,10192,3829,5294,2579,16572,10127,3828,5294,2579,16575,10123,3829,5294,2579,landscape
17,11179,19254,6166,1573,228,11968,16322,6841,2566,703,24125,5972,5064,2295,944,landscape
18,3808,16279,11073,4704,2536,4019,15699,11410,4879,2393,5806,11580,11977,5633,3404,landscape
19,5342,6020,14781,10725,1532,5113,5577,13307,12785,1618,7593,13980,12073,3170,1584,landscape
20,8761,12882,13692,2551,514,8717,9087,11577,8766,253,17484,4023,4069,11082,1742,landscape
21,7246,11818,12215,5501,1620,7129,11358,12592,5701,1620,14876,10303,6695,4568,1958,landscape
22,9590,11205,10284,5189,2132,860,16212,14403,5694,1231,3554,7363,9390,11088,7005,landscape
23,3163,623,7507,8228,18879,15331,11232,8146,3561,130,3546,20616,12122,2102,14,landscape
24,8070,9817,6866,9434,4213,7840,9871,5827,8145,6717,17961,3087,1614,6467,9271,landscape
25,6442,17523,7868,2518,4049,6442,17523,7868,2518,4049,6442,17523,7868,2518,4049,landscape
26,17244,13230,4098,2841,987,17244,13230,4098,2841,987,17244,13230,4098,2841,987,landscape
27,12412,5588,10666,5138,4596,12412,5588,10666,5138,4596,12412,5588,10666,5138,4596,landscape
28,18029,12233,3855,2719,1564,17373,12639,4417,2851,1120,19204,12895,5020,1141,140,landscape
29,19942,8765,2714,3251,3728,19942,8765,2714,3251,3728,19942,8765,2714,3251,3728,landscape
30,14715,6883,6616,5247,4939,16938,6068,6189,5624,3581,21277,2734,6288,6340,1761,landscape
31,6305,11755,8589,11139,612,10831,12813,3763,2131,8862,20939,4463,1775,1480,9743,landscape
32,4735,6963,14939,7115,4648,6650,6637,14764,6599,3750,8035,6936,7496,12784,3149,landscape
33,24806,7100,5599,606,289,24806,7100,5599,606,289,24806,7100,5599,606,289,landscape
34,2841,3455,12511,15252,4341,756,3347,5415,23806,5076,3852,3748,2183,21814,6803,landscape
35,4339,6376,4041,10323,13321,4298,6430,4126,10569,12977,2168,8376,4745,10940,12171,landscape
36,1044,5668,14561,13386,3741,1683,11499,15991,8718,509,3856,14059,12992,7073,420,landscape
37,3829,16539,13711,2831,1490,2730,8219,18745,7237,1469,3719,7500,8765,15699,2717,landscape
38,4402,9201,11416,12197,1184,5371,13580,7647,10500,1302,12033,11025,3351,10465,1526,landscape
39,4611,14790,9267,5612,4120,3670,9967,10830,11066,2867,6152,8335,7504,3665,12744,landscape
40,18365,7590,6027,5896,522,14952,8537,5913,6840,2158,15307,5270,1572,900,15351,landscape
41,2310,2059,5347,16795,11889,884,1534,4231,15962,15789,218,627,1717,5855,29983,landscape
42,2851,12369,11089,8839,3252,2121,10383,11031,10273,4592,6231,8963,7002,8861,7343,landscape
43,2594,9951,12313,1202,12340,1583,11848,6345,12298,6326,12496,4584,12129,3100,6091,landscape
44,2572,20475,7999,5396,1958,1712,13766,12700,6136,4086,24015,2504,881,1397,9603,landscape
45,3137,6973,13256,11794,3240,4143,7914,12825,9666,3852,6190,11123,8406,5327,7354,landscape
46,5745,11437,6332,5244,9642,4574,11603,8655,3248,10320,11985,6220,7338,8015,4842,landscape
47,11465,8794,5616,4318,8207,5526,5917,8489,9419,9049,13594,8922,1449,3968,10467,landscape
48,5648,11281,11302,6738,3431,2543,9727,11850,9411,4869,4702,7155,7915,9659,8969,landscape
49,12064,14870,5855,3578,2033,17856,12907,4342,2209,1086,22297,9930,4836,869,468,landscape
50,4704,9989,12975,7355,3377,1280,8018,13157,11231,4714,2022,1942,10524,13228,10684,landscape
51,10296,6352,7740,13496,516,9803,6078,3455,13092,5972,9887,4221,3832,7880,12580,landscape
52,13662,15508,5764,1890,1576,8558,16430,9743,2165,1504,7521,11546,15223,2716,1394,landscape
53,24364,11556,1827,521,132,24664,10926,2066,594,150,31530,4873,1163,714,120,landscape
54,18629,10051,4144,2081,3495,26058,8911,2222,1081,128,26824,10292,1028,237,19,landscape
55,2121,8088,9995,9321,8875,1562,6886,10368,10008,9576,6054,9925,5962,6364,10095,landscape
56,3294,8236,10267,9280,7323,2271,7545,10375,9753,8456,5268,7527,7173,8810,9622,landscape
57,8105,9130,8148,9447,3570,4206,12844,12499,6897,1954,3458,7827,12002,9432,5681,landscape
58,12130,13939,4970,4909,2452,11409,13619,6045,4902,2425,19992,4427,6581,5089,2311,landscape
59,5130,8309,12946,11749,266,6700,8254,10580,12732,134,11885,6955,3068,15091,1401,landscape
60,21669,10121,2999,1525,2086,25894,8137,2438,1455,476,25085,9268,3186,816,45,landscape
61,6344,15131,13622,2810,493,7273,11207,13998,5671,251,10499,12186,3032,3773,8910,landscape
62,2613,13718,16827,5082,160,1860,12881,12479,11003,177,15597,5336,512,4090,12865,landscape
63,13976,7566,9711,6288,859,11898,6352,8038,10828,1284,9851,5893,3039,14316,5301,landscape
64,8855,5479,8934,8750,6382,3364,6254,13417,12626,2739,19494,1054,1230,2521,14101,landscape
65,8080,13511,10830,5201,778,6246,9727,11588,8271,2568,10737,5139,2717,4045,15762,landscape
66,1080,10882,14817,8461,3160,934,8746,17609,8534,2577,829,9162,14055,11895,2459,landscape
67,990,4641,9459,11777,11533,380,2488,8758,13521,13253,11342,3572,439,7654,15393,landscape
68,14237,11460,6929,5008,766,10142,10053,8842,7233,2130,13790,2103,3062,13680,5765,landscape
69,4235,11320,11756,4221,6868,1154,12235,14135,4698,6178,20503,3446,1019,5383,8049,landscape
70,15500,12804,8863,1150,83,6399,14606,12060,5270,65,12033,3953,1972,9524,10918,landscape
71,10679,13228,6980,3169,4344,4470,14026,11116,4642,4146,21647,1765,661,128,14199,landscape
72,13977,7342,12601,4393,87,8538,8400,10763,10440,259,10800,3514,1588,18395,4103,landscape
73,19176,16657,2143,352,72,10560,15207,12134,427,72,2720,11101,10793,13403,383,landscape
74,10531,12722,11433,3440,274,9794,17220,8951,2226,209,10956,19180,6746,1263,255,landscape
75,13803,10703,7462,3905,2527,13861,9601,5169,6906,2863,15858,7230,3653,5863,5796,landscape
76,5383,10779,10315,10620,1303,8408,9910,4280,11646,4156,17440,4298,284,4271,12107,landscape
77,10193,14207,8381,4747,872,9194,13237,8900,6230,839,12630,7123,6902,10202,1543,landscape
78,4766,893,4265,21597,6879,5459,5548,849,26368,176,11126,644,111,9637,16882,landscape
79,9990,11826,6701,4292,5591,6425,14097,8957,4036,4885,17555,3398,4451,4097,8899,landscape
80,82,4150,20052,9122,4994,87,5824,17960,10670,3859,4234,14386,3565,10452,5763,landscape
81,1810,11421,11372,6070,7727,4224,15233,5483,5152,8308,16468,5988,2258,4416,9270,landscape
82,1002,6303,7520,14071,9504,1494,8020,6723,14539,7624,9528,4962,3564,13621,6725,landscape
83,9013,16510,9320,2504,1053,7805,8293,14772,6166,1364,9545,4963,2247,5900,15745,landscape
84,28967,5148,2249,1432,604,11763,17713,5458,2555,911,10853,12344,11349,3127,727,landscape
85,8826,6013,8980,11498,3083,7033,6262,6651,13270,5184,19847,5056,721,344,12432,landscape
86,7979,11947,14955,3182,337,8787,7609,15915,5545,544,13577,9522,3291,11148,862,landscape
87,9135,10070,8693,8032,2470,7433,7367,11148,8569,3883,5773,3498,4020,12007,13102,landscape
88,13501,11341,9632,3717,209,12800,6062,10895,7112,1531,12519,984,5175,4813,14909,landscape
89,21873,7473,2725,3104,3225,10129,16707,7330,3153,1081,8807,10255,10755,7008,1575,landscape
90,6560,7971,14523,7682,1664,6242,7952,14385,8201,1620,9040,6197,10947,9903,2313,landscape
91,16125,13127,5088,1301,2759,6210,16587,11349,1370,2884,12756,10267,3610,1318,10449,landscape
92,18645,4420,5039,4261,6035,18588,4717,5983,4519,4593,17579,5415,4599,7294,3513,landscape
93,3248,2717,4751,7898,19786,6442,4625,12346,9932,5055,20128,12274,4987,907,104,landscape
94,11640,7594,5099,5074,8993,5929,8221,9704,9215,5331,1678,5639,9726,11966,9391,landscape
95,8036,8426,2668,774,18496,7674,9575,2020,9135,9996,8140,7918,3113,16045,3184,landscape
96,5342,3097,2765,2729,24467,5442,3741,2121,2508,24588,5991,1660,2509,2195,26045,landscape
97,1392,4788,13535,16391,2294,3184,8488,15066,11385,277,9659,6128,11315,11179,119,landscape
98,10315,14223,4220,7052,2590,13503,11494,3333,7505,2565,18764,6606,3576,6773,2681,landscape
99,1519,19002,7725,5892,4262,877,12298,12687,7549,4989,12274,7032,5408,4829,8857,landscape
100,13237,14740,5019,3063,2341,28809,5783,2237,862,709,36174,1001,471,320,434,landscape
101,11393,8934,5421,5231,7421,11393,8934,5421,5231,7421,11393,8934,5421,5231,7421,landscape
102,6153,7625,5426,13645,5551,7685,7727,5438,14697,2853,17613,4660,1108,12223,2796,landscape
103,2175,12168,6131,10290,7636,2724,9535,9471,8874,7796,3658,9280,7133,3899,14430,landscape
104,5577,9591,15145,7817,270,4920,7766,12206,13068,440,18046,19821,449,66,18,landscape
105,6470,8149,19449,3529,803,2697,11373,8484,14039,1807,6860,5755,6775,4980,14030,landscape
106,14442,8523,5689,6232,3514,14442,8523,5689,6232,3514,14442,8523,5689,6232,3514,landscape
107,501,7743,11002,8116,11038,453,8789,10213,7930,11015,991,12110,6437,7931,10931,landscape
108,16015,9505,6510,5150,1220,16015,9505,6510,5150,1220,16015,9505,6510,5150,1220,landscape
109,35146,2769,342,106,37,36933,1274,159,27,7,37677,640,65,14,4,landscape
110,4204,7841,8637,7455,10263,3152,6592,7364,10553,10739,10806,2908,1395,9290,14001,landscape
111,18477,9003,5811,3778,1331,17828,9744,5165,3192,2471,21176,9160,2292,2517,3255,landscape
112,115,942,3313,3116,30914,119,879,3296,3031,31075,217,940,3275,2930,31038,landscape
113,12921,3116,4869,8721,8773,16119,10123,9000,2331,827,34636,2872,641,162,89,landscape
114,10721,10582,12125,3363,1609,18746,14721,4589,265,79,28053,10177,141,9,20,landscape
115,13829,3509,6377,7833,6852,14053,4367,6862,7763,5355,15902,7755,9606,2863,2274,landscape
116,10704,16465,10480,666,85,10907,16513,10333,579,68,13652,16321,7610,738,79,landscape
117,19109,9181,5258,3186,1666,19109,9181,5258,3186,1666,19109,9181,5258,3186,1666,landscape
118,1751,26064,5650,3792,1143,2671,24292,2487,4599,4351,38114,207,48,20,11,landscape
119,16877,11396,3397,2527,4203,15992,13060,4525,3583,1240,6031,19382,9398,3393,196,landscape
120,19722,8202,4550,2543,3383,13937,14764,5476,2666,1557,13263,7256,11692,4018,2171,landscape
121,14833,781,1746,5445,15595,14833,781,1746,6106,14934,14833,781,1746,5742,15298,landscape
122,20562,7054,4539,2727,3518,18603,7838,5381,2923,3655,20757,6127,4687,3022,3807,landscape
123,11756,8569,7467,6555,4053,3502,13732,11576,6982,2608,9040,7601,9031,7457,5271,landscape
124,1462,14655,12587,4627,5069,442,3989,20378,9273,4318,8857,179,4444,21169,3751,landscape
125,2895,12641,11407,9263,2194,1166,12519,6322,15306,3087,14415,592,1354,13303,8736,landscape
126,1713,10552,11461,8747,5927,4118,8904,7950,11143,6285,10230,6624,916,1404,19226,landscape
127,1616,7984,10709,8401,9690,1480,5055,7616,12378,11871,3272,5337,8038,4730,17023,landscape
128,3923,9937,23297,1207,36,3168,10876,22531,1803,22,3339,12629,3878,17033,1521,landscape
129,5473,14118,13156,4136,1517,3497,14387,14207,4735,1574,18306,8325,5882,4376,1511,landscape
130,17307,8789,3409,2393,6502,19362,10253,3161,3485,2139,31408,4962,1385,278,367,landscape
131,9712,13048,8453,4406,2781,9948,15869,8084,3754,745,5486,10779,13621,6978,1536,landscape
132,16755,5507,3585,6914,5639,14744,6607,3450,6872,6727,18274,3514,2769,8187,5656,landscape
133,887,1633,5583,16510,13787,465,737,3126,26200,7872,22833,775,81,2504,12207,landscape
134,406,2286,11952,15637,8119,3198,14039,13645,6039,1479,19349,12627,4567,1688,169,landscape
135,16255,9146,5835,5121,2043,16530,9034,6409,4801,1626,17016,8382,8355,3866,781,landscape
136,7107,10072,12184,6719,2318,6800,10141,8898,4983,7578,11597,10864,3130,952,11857,landscape
137,12094,10051,7721,4571,3963,16758,14624,5649,971,398,14660,18627,4824,238,51,landscape
138,1983,4660,12184,10182,9391,1100,7280,11314,8063,10643,2995,11428,3852,5721,14404,landscape
139,10883,7539,8863,5756,5359,3524,5492,13623,8733,7028,13540,6556,806,1896,15602,landscape
140,3639,11521,12560,3123,7557,3708,11545,11983,3566,7598,5670,12443,7204,5128,7955,landscape
141,20687,11302,3921,2048,442,17458,14205,5135,1432,170,12178,17100,7127,1986,9,landscape
142,3792,10147,8828,11064,4569,6666,10564,8193,9413,3564,9351,7699,4929,11134,5287,landscape
143,164,441,6715,23474,7606,377,7384,22607,3981,4051,22768,9487,2059,135,3951,landscape
144,4037,7802,15669,8143,2749,4261,7693,8217,14764,3465,8812,11912,3296,1294,13086,landscape
145,9109,11714,7167,4746,5664,5560,11046,11195,5289,5310,4334,7766,7790,13430,5080,landscape
146,2136,10156,14170,9504,2434,4561,13842,11964,6389,1644,11104,14675,4810,1174,6637,landscape
147,11219,8842,5673,6600,6066,6727,13009,8614,8357,1693,13036,9477,8329,6911,647,landscape
0,1322,5663,6702,14154,10559,1748,6835,8138,12827,8852,2354,7523,9307,12239,6977,headshot
1,5367,10218,6416,9929,6470,3745,9645,11151,9501,4358,4610,8065,13887,8350,3488,headshot
2,18709,14398,2361,2852,80,18814,15145,2627,1803,11,19164,15309,2429,1487,11,headshot
3,18873,9402,2383,2880,4862,18873,9402,2383,2880,4862,18873,9402,2383,2880,4862,headshot
4,19989,8666,1940,2764,5041,19989,8666,1940,2764,5041,19989,8666,1940,2764,5041,headshot
5,19351,8636,2166,2414,5833,19351,8636,2166,2414,5833,19351,8636,2166,2414,5833,headshot
6,19637,8770,2105,3784,4104,19637,8770,2105,3784,4104,19637,8770,2105,3784,4104,headshot
7,18637,9166,2369,3327,4901,18637,9166,2369,3327,4901,18637,9166,2369,3327,4901,headshot
8,16837,9312,2301,4430,5520,16837,9312,2301,4430,5520,16837,9312,2301,4430,5520,headshot
9,18168,8538,1892,4146,5656,18168,8538,1892,4146,5656,18168,8538,1892,4146,5656,headshot
10,17000,3939,5336,6310,5815,17873,9381,2796,5662,2688,17511,10204,2998,3869,3818,headshot
11,19244,9618,1601,2415,5522,19244,9618,1601,2415,5522,19244,9618,1601,2415,5522,headshot
12,19263,3399,8670,2088,4980,21445,5143,3152,5160,3500,22344,5008,1758,2400,6890,headshot
13,18966,6005,3213,5678,4538,18966,6005,3213,5678,4538,18966,6005,3213,5678,4538,headshot
14,21037,5997,2872,4396,4098,21037,5997,2872,4396,4098,21037,5997,2872,4396,4098,headshot
15,20136,5494,4129,4555,4086,20136,5494,4129,4555,4086,20136,5494,4129,4555,4086,headshot
16,18858,5662,2162,4406,7312,19115,5430,5536,5141,3178,18036,6491,5413,4799,3661,headshot
17,22771,6580,4068,2435,2546,22771,6580,4068,2435,2546,22771,6580,4068,2435,2546,headshot
18,12535,9275,6103,7631,2856,17872,14202,3369,1774,1183,19319,12703,3355,1873,1150,headshot
19,20627,3345,2065,3598,8765,20627,3345,2065,3598,8765,20627,3345,2065,3598,8765,headshot
20,20153,2727,1855,5500,8165,20153,2727,1855,5500,8165,20153,2727,1855,5500,8165,headshot
21,16528,3492,1705,4609,12066,16528,3492,1705,4609,12066,16528,3492,1705,4609,12066,headshot
22,21549,694,860,2757,12540,21549,694,860,2757,12540,21549,694,860,2757,12540,headshot
23,8408,15717,8604,1361,4310,25866,2021,3254,4380,2879,24832,2852,1494,2700,6522,headshot
24,4325,6726,8285,11535,7529,7863,4653,4465,11819,9600,9794,3657,3392,10074,11483,headshot
25,22232,6465,6492,2817,394,23898,8673,4416,1180,233,26518,8200,2725,749,208,headshot
26,10043,6765,7353,7147,7092,11548,6253,7473,7810,5316,12086,6251,7688,6621,5754,headshot
27,13682,4043,12216,5311,3148,13959,3935,11950,5121,3435,14107,3934,11689,4850,3820,headshot
28,29492,3376,4456,860,216,30310,3150,4043,809,88,30794,2978,3208,1321,99,headshot
29,1308,4563,7282,11039,14208,2870,7922,10856,6792,9960,7422,10526,9114,2334,9004,headshot
30,2634,6612,6549,6870,15735,5922,8626,7558,3359,12935,9008,10185,5090,1522,12595,headshot
31,1168,5974,8806,7540,14912,4175,10246,7232,4486,12261,7413,10354,6662,2122,11849,headshot
32,1031,6741,7259,7907,15462,4601,9082,7042,4443,13232,8010,8481,7359,1604,12946,headshot
33,2613,11808,11992,7983,4004,6836,14194,11206,5338,826,11878,14114,8722,3473,213,headshot
34,20068,3942,4888,6967,2535,20786,6292,6069,4689,564,24557,8297,3013,1491,1042,headshot
35,2399,19851,3741,3409,9000,8151,18439,4957,5737,1116,11175,19745,5560,1438,482,headshot
36,9733,12404,9052,4506,2705,10047,13995,9529,4092,737,7811,11910,9730,7978,971,headshot
37,50,483,2355,28245,7267,183,1547,8909,23288,4473,278,2637,11120,13899,10466,headshot
38,17504,3248,4806,5599,7243,17504,3248,4806,5599,7243,17504,3248,4806,5599,7243,headshot
39,4313,3359,12506,16664,1558,5225,2815,7225,21697,1438,5159,2816,3222,25873,1330,headshot
40,7650,12725,10403,7105,517,10950,13801,8564,4985,100,11708,17518,6791,2247,136,headshot
41,3887,9394,8091,11753,5275,3887,9394,8091,11753,5275,3887,9394,8091,11753,5275,headshot
42,17969,8991,5909,3516,2015,24778,8093,2639,2232,658,33263,1811,944,1962,420,headshot
43,6176,3960,1732,6613,19919,8126,3590,1687,6418,18579,9693,2703,3024,5953,17027,headshot
44,14653,3139,3992,11522,5094,15733,3575,3475,14952,665,16872,3622,3496,14270,140,headshot
45,9075,5817,4334,11334,7840,9075,5817,4334,11334,7840,9075,5817,4334,11334,7840,headshot
46,15565,2764,2340,3279,14452,15565,2764,2340,3279,14452,15565,2764,2340,3279,14452,headshot
47,13833,3321,3055,12637,5554,14910,4017,3880,11969,3624,16478,4331,4149,5393,8049,headshot
48,3791,2109,3102,20792,8606,5539,3921,4507,22399,2034,7553,4520,4788,21155,384,headshot
49,747,1429,1149,4407,30668,937,1771,2527,13005,20160,981,2082,5583,12080,17674,headshot
50,132,574,1027,3999,32668,179,779,1768,17888,17786,235,919,3438,23949,9859,headshot
51,359,5725,4229,4140,23947,1675,5093,4915,10381,16336,4894,6410,2539,9470,15087,headshot
52,5638,6923,5104,5560,15175,5638,6923,5104,5560,15175,5638,6923,5104,5560,15175,headshot
53,6364,7042,4783,4629,15582,5273,7947,5167,4988,15025,4492,8452,5363,5268,14825,headshot
54,3520,11003,9601,11214,3062,6585,13898,14020,3693,204,10237,18468,8494,1117,84,headshot
55,3383,9758,4082,2640,18537,7957,7657,2394,13321,7071,9809,6598,7447,13969,577,headshot
56,2551,1759,4436,21244,8410,3288,1425,915,32086,686,3356,1519,4661,28828,36,headshot
57,3191,3124,9250,5302,17533,4252,2579,5751,21242,4576,4416,2811,8477,22563,133,headshot
58,2386,5578,9747,8085,12604,6191,4633,7175,10903,9498,11306,10468,4461,5846,6319,headshot
59,3659,8096,9657,7092,9896,6544,5332,8978,11601,5945,15165,8329,4031,7113,3762,headshot
60,4150,7532,8464,8653,9601,7173,4737,9457,11793,5240,14623,7379,5225,7512,3661,headshot
61,559,1899,3164,12938,19840,361,1691,3586,23592,9170,281,267,1939,21893,14020,headshot
62,8770,6247,8544,8468,6371,13341,11620,5625,3932,3882,21860,7169,3953,2430,2988,headshot
63,15022,10664,6928,4798,988,5103,14187,13150,4905,1055,5418,14093,13855,4253,781,headshot
64,5834,13172,6575,8229,4590,6232,13212,6798,7865,4293,1834,12862,9601,9335,4768,headshot
65,3356,2239,30193,2592,20,4340,1367,27751,4919,23,4676,2276,31206,233,9,headshot
66,26980,1591,2720,4211,2898,27772,1110,3106,3861,2551,27463,1400,3491,3661,2385,headshot
67,10206,5584,10150,4951,7509,10206,5584,10150,4951,7509,10206,5584,10150,4951,7509,headshot
68,12333,15992,1566,2808,5701,21402,8437,3192,2064,3305,25545,6455,2300,1642,2458,headshot
69,24891,2317,1985,3373,5834,25887,2965,2932,1424,5192,27137,3643,1845,621,5154,headshot
70,3834,4207,2196,5710,22453,6021,3598,4410,3414,20957,6554,5593,4105,1731,20417,headshot
71,9150,7699,6517,7219,7815,11161,8025,7419,5732,6063,10356,10168,6876,6376,4624,headshot
72,24750,2711,3705,3660,3574,25069,3424,3989,3856,2062,25058,3867,3998,3843,1634,headshot
73,2213,2746,1628,2540,29273,4538,2829,3961,6007,21065,1011,4299,5962,7008,20120,headshot
74,18316,4746,3055,2353,9930,18316,4746,3055,2353,9930,18316,4746,3055,2353,9930,headshot
75,5116,3548,2075,2145,25516,5453,4294,2527,7446,18680,5809,4852,4255,8769,14715,headshot
76,21484,4094,2619,1653,8550,7972,10110,11107,6266,2945,14164,11077,4530,5140,3489,headshot
77,9420,2198,12858,11600,2324,10447,2380,12413,11252,1908,10814,2618,13469,10117,1382,headshot
78,10707,4024,5313,7634,10722,11955,8099,6623,3414,8309,15410,8823,4232,2321,7614,headshot
79,2584,3566,2871,6415,22964,4601,4594,3409,11965,13831,5630,5006,5225,13850,8689,headshot
80,171,764,1780,4893,30792,171,764,1780,4893,30792,171,764,1780,4893,30792,headshot
81,29728,3545,3506,1588,33,29728,3545,3506,1588,33,29728,3545,3506,1588,33,headshot
82,15565,2764,2340,3279,14452,15565,2764,2340,3279,14452,15565,2764,2340,3279,14452,headshot
83,751,9723,9138,8196,10592,2587,12640,8707,11008,3458,7613,12113,7440,8770,2464,headshot
84,27984,4638,3040,2003,735,28106,4575,2959,2023,737,28420,4530,2846,1912,692,headshot
85,14239,1030,3878,13393,5860,14796,1510,5255,14994,1845,15069,2295,6375,14052,609,headshot
86,2229,2686,1722,15319,16444,4285,1984,2479,9399,20253,6797,1742,5822,22546,1493,headshot
87,15358,13929,5354,2878,881,15358,13929,5354,2878,881,15358,13929,5354,2878,881,headshot
88,6136,15875,5536,4048,6805,11747,14697,3054,6059,2843,19762,8529,3426,5072,1611,headshot
89,16,71,225,18369,19719,39,203,2492,23345,12321,96,821,10018,17765,9700,headshot
90,6145,3930,4951,6793,16581,8060,3146,6909,9847,10438,9645,3747,7623,11504,5881,headshot
91,25603,5588,3271,1795,2143,25603,5588,3271,1795,2143,25603,5588,3271,1795,2143,headshot
92,4018,9132,10435,8982,5833,3058,5012,8514,13098,8718,4429,11610,12217,6994,3150,headshot
93,13833,4647,3398,3731,12791,13833,4647,3398,3731,12791,13833,4647,3398,3731,12791,headshot
94,245,301,649,3621,33584,311,516,1990,11451,24132,368,773,3274,12010,21975,headshot
95,19669,6958,3957,6959,857,19669,6958,3957,6959,857,19669,6958,3957,6959,857,headshot
96,12209,13093,3149,4017,5932,15488,9383,5024,4545,3960,20668,7842,3125,5055,1710,headshot
97,13084,8525,8035,6189,2567,13084,8525,8035,6189,2567,13084,8525,8035,6189,2567,headshot
98,19104,6090,6606,4214,2386,19104,6090,6606,4214,2386,19104,6090,6606,4214,2386,headshot
99,27039,3561,3949,2324,1527,28102,3941,3572,2256,529,29061,4926,2903,1333,177,headshot
100,12421,10629,7377,7431,542,7796,13951,5368,6777,4508,15194,8872,5136,5962,3236,headshot
101,15215,14967,1236,2908,4074,14191,11532,7358,4309,1010,15116,10703,10301,1981,299,headshot
102,16753,5424,4486,6498,5239,16753,5424,4486,6498,5239,16753,5424,4486,6498,5239,headshot
103,5513,13180,13907,5359,441,3620,14420,11433,8337,590,7295,15644,8994,5961,506,headshot
104,19352,6720,2424,2787,7117,22172,6037,3496,4524,2171,22424,8306,3866,1770,2034,headshot
105,8293,10751,11530,6911,915,13561,8988,11786,3781,284,14989,10191,10961,2088,171,headshot
106,11297,12643,2992,2136,9332,10621,12909,3031,2197,9642,12002,11476,3016,2599,9307,headshot
107,17575,8834,5432,3227,3332,17575,8834,5432,3227,3332,17575,8834,5432,3227,3332,headshot
108,4900,5291,5932,17381,4896,7600,4805,9692,11311,4992,7172,6199,15705,5481,3843,headshot
109,11908,6676,6568,5590,7658,15337,4168,7720,6472,4703,15746,5478,7763,5875,3538,headshot
110,13610,7664,5611,6279,5236,13002,12918,7198,4763,519,9869,15278,8043,4813,397,headshot
111,30163,2428,1674,1501,2634,30256,2525,1676,1467,2476,30389,2804,1811,1555,1841,headshot
112,201,1096,2427,7804,26872,411,1714,4019,9606,22650,564,2222,4308,9169,22137,headshot
113,4297,8251,6242,7998,11612,6333,12397,10372,4462,4836,3833,15505,15190,3113,759,headshot
114,21042,5933,2883,3910,4632,22344,5739,2811,3773,3733,22649,5459,2756,3666,3870,headshot
115,14583,10199,6415,4100,3103,15767,10613,5758,4329,1933,14206,10642,5449,5065,3038,headshot
116,28886,6701,2370,435,8,28979,6858,2183,373,7,29523,7174,1561,136,6,headshot
117,507,1702,7723,23423,5045,371,1779,13385,20946,1919,253,1435,16528,18570,1614,headshot
118,6290,3454,3206,10651,14799,6632,4001,5401,13343,9023,5254,6135,8619,13215,5177,headshot
119,7779,7859,8454,10419,3889,8079,9735,8479,9754,2353,8027,12990,7079,6895,3409,headshot
120,5416,6462,4943,6979,14600,6891,7885,5837,2200,15587,9708,12487,6371,3453,6381,headshot
121,18103,7877,9022,3260,138,22046,6012,9396,939,7,21480,7141,9608,164,7,headshot
122,28598,5685,2428,1590,99,29400,5160,2202,1545,93,29851,4871,2112,1481,85,headshot
123,4938,5821,5668,3471,18502,6376,8001,4156,3477,16390,9712,7243,2878,3064,15503,headshot
124,8290,9734,8553,8710,3113,8290,9734,8553,8710,3113,8290,9734,8553,8710,3113,headshot
125,7315,5415,6068,7481,12121,7315,5415,6068,7481,12121,7315,5415,6068,7481,12121,headshot
126,8188,6087,6475,8749,8901,8188,6087,6475,8749,8901,8188,6087,6475,8749,8901,headshot
127,12774,9181,6526,6182,3737,10257,9466,8647,6843,3187,11185,9346,8167,6040,3662,headshot
128,7178,23627,4009,2913,673,10519,21722,3643,2268,248,13068,20085,3169,1939,139,headshot
129,6516,15798,9907,5015,1164,7107,16257,9443,4691,902,7361,16554,8902,4681,902,headshot
130,21743,9400,3461,2771,1025,23067,8969,3594,1752,1018,22882,9157,3354,1703,1304,headshot
131,12832,8687,6494,10207,180,12832,8687,6494,10207,180,12832,8687,6494,10207,180,headshot
132,12914,4736,3613,11572,5565,12914,4736,3613,11572,5565,12914,4736,3613,11572,5565,headshot
133,5873,5451,7558,13877,5641,6006,5453,7584,14068,5289,6208,5490,7683,14461,4558,headshot
134,32081,3090,1051,675,1503,32081,3090,1051,675,1503,32081,3090,1051,675,1503,headshot
135,4895,7895,5954,4595,15061,4370,8259,7234,14769,3768,4452,9419,6807,14747,2975,headshot
136,11301,7932,9569,4924,4674,6146,14490,10024,5332,2408,4969,15739,9474,6790,1428,headshot
137,14445,16271,6731,638,315,12703,13710,10808,975,204,10715,19238,7689,616,142,headshot
138,27930,2848,3826,2249,1547,30517,4242,2424,1188,29,34351,3200,811,24,14,headshot
139,14897,12465,1966,3315,5757,16989,12036,3666,3775,1934,13290,16024,4048,3058,1980,headshot
140,5562,21034,10665,846,293,6874,21706,9029,677,114,9508,21437,7097,280,78,headshot
141,14221,1433,9798,7130,5818,14790,9084,5765,4618,4143,20488,6753,3681,3441,4037,headshot
